Column,ID #1,Type,QuestionText,AnswerText
1,AgileBrainAlertLevel,S,AgileBrainAlertLevel: Binary flag (0 or 1) indicating 'at-risk' status if the individual falls into two predefined emotional need states that suggest vulnerability.,Yes^No
2,AgileBrainStateNumber,S,AgileBrainStateNumber: Categorical segment (1 -10) indicating the individual's emotional need profile classification based on activation patterns across the 12 core needs.,Equality Seeking^Relief-Seeking^Aspiring Agreement^Stress Revealing^Connection Craving^Amiable Optimism^Mission Questing^Diligent Struggling^Focused Striving^Cautious Concealing
3,ActivationOverall,F,ActivationOverall: Mean activation score (0-1) across All 12 needs. Reflects overall emotional intensity regardless of valence.,
4,ActivationOverall_Quartile,S,ActivationOverall_Quartile: Mean activation score (0-1) across All 12 needs. Reflects overall emotional intensity regardless of valence.,1st Quartile Group (Bottom 25%)^2nd Quartile Group^3rd Quartile Group^4th Quartile Group (Top 25%)
5,ActivationFoundational,F,ActivationFoundational: Mean activation score (0-1) across Foundational-level needs. Reflects overall emotional intensity regardless of valence.,
6,ActivationFoundational_Quartile,S,ActivationFoundational_Quartile: Mean activation score (0-1) across Foundational-level needs. Reflects overall emotional intensity regardless of valence.,1st Quartile Group (Bottom 25%)^2nd Quartile Group^3rd Quartile Group^4th Quartile Group (Top 25%)
7,ActivationExperiential,F,ActivationExperiential: Mean activation score (0-1) across Experiential-level needs. Reflects overall emotional intensity regardless of valence.,
8,ActivationExperiential_Quartile,S,ActivationExperiential_Quartile: Mean activation score (0-1) across Experiential-level needs. Reflects overall emotional intensity regardless of valence.,1st Quartile Group (Bottom 25%)^2nd Quartile Group^3rd Quartile Group^4th Quartile Group (Top 25%)
9,ActivationAspirational,F,ActivationAspirational: Mean activation score (0-1) across Aspirational-level needs. Reflects overall emotional intensity regardless of valence.,
10,ActivationAspirational_Quartile,S,ActivationAspirational_Quartile: Mean activation score (0-1) across Aspirational-level needs. Reflects overall emotional intensity regardless of valence.,1st Quartile Group (Bottom 25%)^2nd Quartile Group^3rd Quartile Group^4th Quartile Group (Top 25%)
11,ActivationSelf,F,ActivationSelf: Mean activation score (0-1) across Self domain. Reflects overall emotional intensity regardless of valence.,
12,ActivationSelf_Quartile,S,ActivationSelf_Quartile: Mean activation score (0-1) across Self domain. Reflects overall emotional intensity regardless of valence.,1st Quartile Group (Bottom 25%)^2nd Quartile Group^3rd Quartile Group^4th Quartile Group (Top 25%)
13,ActivationMaterial,F,ActivationMaterial: Mean activation score (0-1) across Material domain. Reflects overall emotional intensity regardless of valence.,
14,ActivationMaterial_Quartile,S,ActivationMaterial_Quartile: Mean activation score (0-1) across Material domain. Reflects overall emotional intensity regardless of valence.,1st Quartile Group (Bottom 25%)^2nd Quartile Group^3rd Quartile Group^4th Quartile Group (Top 25%)
15,ActivationSocial,F,ActivationSocial: Mean activation score (0-1) across Social domain. Reflects overall emotional intensity regardless of valence.,
16,ActivationSocial_Quartile,S,ActivationSocial_Quartile: Mean activation score (0-1) across Social domain. Reflects overall emotional intensity regardless of valence.,1st Quartile Group (Bottom 25%)^2nd Quartile Group^3rd Quartile Group^4th Quartile Group (Top 25%)
17,ActivationSpiritual,F,ActivationSpiritual: Mean activation score (0-1) across Spiritual domain. Reflects overall emotional intensity regardless of valence.,
18,ActivationSpiritual_Quartile,S,ActivationSpiritual_Quartile: Mean activation score (0-1) across Spiritual domain. Reflects overall emotional intensity regardless of valence.,1st Quartile Group (Bottom 25%)^2nd Quartile Group^3rd Quartile Group^4th Quartile Group (Top 25%)
19,ActivationSafety,F,ActivationSafety: Continuous score (0-1) reflecting the emotional activation for the need 'Safety'. Measures the level and valence of emotional engagement with this need.,
20,ActivationSafety_Quartile,S,ActivationSafety_Quartile: Continuous score (0-1) reflecting the emotional activation for the need 'Safety'. Measures the level and valence of emotional engagement with this need.,1st Quartile Group (Bottom 25%)^2nd Quartile Group^3rd Quartile Group^4th Quartile Group (Top 25%)
21,ActivationAuthenticity,F,ActivationAuthenticity: Continuous score (0-1) reflecting the emotional activation for the need 'Authenticity'. Measures the level and valence of emotional engagement with this need.,
22,ActivationAuthenticity_Quartile,S,ActivationAuthenticity_Quartile: Continuous score (0-1) reflecting the emotional activation for the need 'Authenticity'. Measures the level and valence of emotional engagement with this need.,1st Quartile Group (Bottom 25%)^2nd Quartile Group^3rd Quartile Group^4th Quartile Group (Top 25%)
23,ActivationPotential,F,ActivationPotential: Continuous score (0-1) reflecting the emotional activation for the need 'Potential'. Measures the level and valence of emotional engagement with this need.,
24,ActivationPotential_Quartile,S,ActivationPotential_Quartile: Continuous score (0-1) reflecting the emotional activation for the need 'Potential'. Measures the level and valence of emotional engagement with this need.,1st Quartile Group (Bottom 25%)^2nd Quartile Group^3rd Quartile Group^4th Quartile Group (Top 25%)
25,ActivationAutonomy,F,ActivationAutonomy: Continuous score (0-1) reflecting the emotional activation for the need 'Autonomy'. Measures the level and valence of emotional engagement with this need.,
26,ActivationAutonomy_Quartile,S,ActivationAutonomy_Quartile: Continuous score (0-1) reflecting the emotional activation for the need 'Autonomy'. Measures the level and valence of emotional engagement with this need.,1st Quartile Group (Bottom 25%)^2nd Quartile Group^3rd Quartile Group^4th Quartile Group (Top 25%)
27,ActivationImmersion,F,ActivationImmersion: Continuous score (0-1) reflecting the emotional activation for the need 'Immersion'. Measures the level and valence of emotional engagement with this need.,
28,ActivationImmersion_Quartile,S,ActivationImmersion_Quartile: Continuous score (0-1) reflecting the emotional activation for the need 'Immersion'. Measures the level and valence of emotional engagement with this need.,1st Quartile Group (Bottom 25%)^2nd Quartile Group^3rd Quartile Group^4th Quartile Group (Top 25%)
29,ActivationSuccess,F,ActivationSuccess: Continuous score (0-1) reflecting the emotional activation for the need 'Success'. Measures the level and valence of emotional engagement with this need.,
30,ActivationSuccess_Quartile,S,ActivationSuccess_Quartile: Continuous score (0-1) reflecting the emotional activation for the need 'Success'. Measures the level and valence of emotional engagement with this need.,1st Quartile Group (Bottom 25%)^2nd Quartile Group^3rd Quartile Group^4th Quartile Group (Top 25%)
31,ActivationInclusion,F,ActivationInclusion: Continuous score (0-1) reflecting the emotional activation for the need 'Inclusion'. Measures the level and valence of emotional engagement with this need.,
32,ActivationInclusion_Quartile,S,ActivationInclusion_Quartile: Continuous score (0-1) reflecting the emotional activation for the need 'Inclusion'. Measures the level and valence of emotional engagement with this need.,1st Quartile Group (Bottom 25%)^2nd Quartile Group^3rd Quartile Group^4th Quartile Group (Top 25%)
33,ActivationCaring,F,ActivationCaring: Continuous score (0-1) reflecting the emotional activation for the need 'Caring'. Measures the level and valence of emotional engagement with this need.,
34,ActivationCaring_Quartile,S,ActivationCaring_Quartile: Continuous score (0-1) reflecting the emotional activation for the need 'Caring'. Measures the level and valence of emotional engagement with this need.,1st Quartile Group (Bottom 25%)^2nd Quartile Group^3rd Quartile Group^4th Quartile Group (Top 25%)
35,ActivationRecognition,F,ActivationRecognition: Continuous score (0-1) reflecting the emotional activation for the need 'Recognition'. Measures the level and valence of emotional engagement with this need.,
36,ActivationRecognition_Quartile,S,ActivationRecognition_Quartile: Continuous score (0-1) reflecting the emotional activation for the need 'Recognition'. Measures the level and valence of emotional engagement with this need.,1st Quartile Group (Bottom 25%)^2nd Quartile Group^3rd Quartile Group^4th Quartile Group (Top 25%)
37,ActivationJustice,F,ActivationJustice: Continuous score (0-1) reflecting the emotional activation for the need 'Justice'. Measures the level and valence of emotional engagement with this need.,
38,ActivationJustice_Quartile,S,ActivationJustice_Quartile: Continuous score (0-1) reflecting the emotional activation for the need 'Justice'. Measures the level and valence of emotional engagement with this need.,1st Quartile Group (Bottom 25%)^2nd Quartile Group^3rd Quartile Group^4th Quartile Group (Top 25%)
39,ActivationEthics,F,ActivationEthics: Continuous score (0-1) reflecting the emotional activation for the need 'Ethics'. Measures the level and valence of emotional engagement with this need.,
40,ActivationEthics_Quartile,S,ActivationEthics_Quartile: Continuous score (0-1) reflecting the emotional activation for the need 'Ethics'. Measures the level and valence of emotional engagement with this need.,1st Quartile Group (Bottom 25%)^2nd Quartile Group^3rd Quartile Group^4th Quartile Group (Top 25%)
41,ActivationPurpose,F,ActivationPurpose: Continuous score (0-1) reflecting the emotional activation for the need 'Purpose'. Measures the level and valence of emotional engagement with this need.,
42,ActivationPurpose_Quartile,S,ActivationPurpose_Quartile: Continuous score (0-1) reflecting the emotional activation for the need 'Purpose'. Measures the level and valence of emotional engagement with this need.,1st Quartile Group (Bottom 25%)^2nd Quartile Group^3rd Quartile Group^4th Quartile Group (Top 25%)
43,ActivationFoundationalPromotion,F,ActivationFoundationalPromotion: Mean promotion activation score (0-1) across Foundational-level needs.,
44,ActivationFoundationalPromotion_Quartile,S,ActivationFoundationalPromotion_Quartile: Mean promotion activation score (0-1) across Foundational-level needs.,1st Quartile Group (Bottom 25%)^2nd Quartile Group^3rd Quartile Group^4th Quartile Group (Top 25%)
45,ActivationExperientialPromotion,F,ActivationExperientialPromotion: Mean promotion activation score (0-1) across Experiential-level needs.,
46,ActivationExperientialPromotion_Quartile,S,ActivationExperientialPromotion_Quartile: Mean promotion activation score (0-1) across Experiential-level needs.,1st Quartile Group (Bottom 25%)^2nd Quartile Group^3rd Quartile Group^4th Quartile Group (Top 25%)
47,ActivationAspirationalPromotion,F,ActivationAspirationalPromotion: Mean promotion activation score (0-1) across Aspirational-level needs.,
48,ActivationAspirationalPromotion_Quartile,S,ActivationAspirationalPromotion_Quartile: Mean promotion activation score (0-1) across Aspirational-level needs.,1st Quartile Group (Bottom 25%)^2nd Quartile Group^3rd Quartile Group^4th Quartile Group (Top 25%)
49,ActivationSelfPromotion,F,ActivationSelfPromotion: Mean promotion activation score (0-1) across Self-domain needs.,
50,ActivationSelfPromotion_Quartile,S,ActivationSelfPromotion_Quartile: Mean promotion activation score (0-1) across Self-domain needs.,1st Quartile Group (Bottom 25%)^2nd Quartile Group^3rd Quartile Group^4th Quartile Group (Top 25%)
51,ActivationMaterialPromotion,F,ActivationMaterialPromotion: Mean promotion activation score (0-1) across Material-domain needs.,
52,ActivationMaterialPromotion_Quartile,S,ActivationMaterialPromotion_Quartile: Mean promotion activation score (0-1) across Material-domain needs.,1st Quartile Group (Bottom 25%)^2nd Quartile Group^3rd Quartile Group^4th Quartile Group (Top 25%)
53,ActivationSocialPromotion,F,ActivationSocialPromotion: Mean promotion activation score (0-1) across Social-domain needs.,
54,ActivationSocialPromotion_Quartile,S,ActivationSocialPromotion_Quartile: Mean promotion activation score (0-1) across Social-domain needs.,1st Quartile Group (Bottom 25%)^2nd Quartile Group^3rd Quartile Group^4th Quartile Group (Top 25%)
55,ActivationSpiritualPromotion,F,ActivationSpiritualPromotion: Mean promotion activation score (0-1) across Spiritual-domain needs.,
56,ActivationSpiritualPromotion_Quartile,S,ActivationSpiritualPromotion_Quartile: Mean promotion activation score (0-1) across Spiritual-domain needs.,1st Quartile Group (Bottom 25%)^2nd Quartile Group^3rd Quartile Group^4th Quartile Group (Top 25%)
57,ActivationSafetyPromotion,F,ActivationSafetyPromotion: Continuous score (0-1) reflecting the emotional activation (promotion) for the need 'Safety'. Measures the level and valence of emotional engagement with this need.,
58,ActivationSafetyPromotion_Quartile,S,ActivationSafetyPromotion_Quartile: Continuous score (0-1) reflecting the emotional activation (promotion) for the need 'Safety'. Measures the level and valence of emotional engagement with this need.,1st Quartile Group (Bottom 25%)^2nd Quartile Group^3rd Quartile Group^4th Quartile Group (Top 25%)
59,ActivationAuthenticityPromotion,F,ActivationAuthenticityPromotion: Continuous score (0-1) reflecting the emotional activation (promotion) for the need 'Authenticity'. Measures the level and valence of emotional engagement with this need.,
60,ActivationAuthenticityPromotion_Quartile,S,ActivationAuthenticityPromotion_Quartile: Continuous score (0-1) reflecting the emotional activation (promotion) for the need 'Authenticity'. Measures the level and valence of emotional engagement with this need.,1st Quartile Group (Bottom 25%)^2nd Quartile Group^3rd Quartile Group^4th Quartile Group (Top 25%)
61,ActivationPotentialPromotion,F,ActivationPotentialPromotion: Continuous score (0-1) reflecting the emotional activation (promotion) for the need 'Potential'. Measures the level and valence of emotional engagement with this need.,
62,ActivationPotentialPromotion_Quartile,S,ActivationPotentialPromotion_Quartile: Continuous score (0-1) reflecting the emotional activation (promotion) for the need 'Potential'. Measures the level and valence of emotional engagement with this need.,1st Quartile Group (Bottom 25%)^2nd Quartile Group^3rd Quartile Group^4th Quartile Group (Top 25%)
63,ActivationAutonomyPromotion,F,ActivationAutonomyPromotion: Continuous score (0-1) reflecting the emotional activation (promotion) for the need 'Autonomy'. Measures the level and valence of emotional engagement with this need.,
64,ActivationAutonomyPromotion_Quartile,S,ActivationAutonomyPromotion_Quartile: Continuous score (0-1) reflecting the emotional activation (promotion) for the need 'Autonomy'. Measures the level and valence of emotional engagement with this need.,1st Quartile Group (Bottom 25%)^2nd Quartile Group^3rd Quartile Group^4th Quartile Group (Top 25%)
65,ActivationImmersionPromotion,F,ActivationImmersionPromotion: Continuous score (0-1) reflecting the emotional activation (promotion) for the need 'Immersion'. Measures the level and valence of emotional engagement with this need.,
66,ActivationImmersionPromotion_Quartile,S,ActivationImmersionPromotion_Quartile: Continuous score (0-1) reflecting the emotional activation (promotion) for the need 'Immersion'. Measures the level and valence of emotional engagement with this need.,1st Quartile Group (Bottom 25%)^2nd Quartile Group^3rd Quartile Group^4th Quartile Group (Top 25%)
67,ActivationSuccessPromotion,F,ActivationSuccessPromotion: Continuous score (0-1) reflecting the emotional activation (promotion) for the need 'Success'. Measures the level and valence of emotional engagement with this need.,
68,ActivationSuccessPromotion_Quartile,S,ActivationSuccessPromotion_Quartile: Continuous score (0-1) reflecting the emotional activation (promotion) for the need 'Success'. Measures the level and valence of emotional engagement with this need.,1st Quartile Group (Bottom 25%)^2nd Quartile Group^3rd Quartile Group^4th Quartile Group (Top 25%)
69,ActivationInclusionPromotion,F,ActivationInclusionPromotion: Continuous score (0-1) reflecting the emotional activation (promotion) for the need 'Inclusion'. Measures the level and valence of emotional engagement with this need.,
70,ActivationInclusionPromotion_Quartile,S,ActivationInclusionPromotion_Quartile: Continuous score (0-1) reflecting the emotional activation (promotion) for the need 'Inclusion'. Measures the level and valence of emotional engagement with this need.,1st Quartile Group (Bottom 25%)^2nd Quartile Group^3rd Quartile Group^4th Quartile Group (Top 25%)
71,ActivationCaringPromotion,F,ActivationCaringPromotion: Continuous score (0-1) reflecting the emotional activation (promotion) for the need 'Caring'. Measures the level and valence of emotional engagement with this need.,
72,ActivationCaringPromotion_Quartile,S,ActivationCaringPromotion_Quartile: Continuous score (0-1) reflecting the emotional activation (promotion) for the need 'Caring'. Measures the level and valence of emotional engagement with this need.,1st Quartile Group (Bottom 25%)^2nd Quartile Group^3rd Quartile Group^4th Quartile Group (Top 25%)
73,ActivationRecognitionPromotion,F,ActivationRecognitionPromotion: Continuous score (0-1) reflecting the emotional activation (promotion) for the need 'Recognition'. Measures the level and valence of emotional engagement with this need.,
74,ActivationRecognitionPromotion_Quartile,S,ActivationRecognitionPromotion_Quartile: Continuous score (0-1) reflecting the emotional activation (promotion) for the need 'Recognition'. Measures the level and valence of emotional engagement with this need.,1st Quartile Group (Bottom 25%)^2nd Quartile Group^3rd Quartile Group^4th Quartile Group (Top 25%)
75,ActivationJusticePromotion,F,ActivationJusticePromotion: Continuous score (0-1) reflecting the emotional activation (promotion) for the need 'Justice'. Measures the level and valence of emotional engagement with this need.,
76,ActivationJusticePromotion_Quartile,S,ActivationJusticePromotion_Quartile: Continuous score (0-1) reflecting the emotional activation (promotion) for the need 'Justice'. Measures the level and valence of emotional engagement with this need.,1st Quartile Group (Bottom 25%)^2nd Quartile Group^3rd Quartile Group^4th Quartile Group (Top 25%)
77,ActivationEthicsPromotion,F,ActivationEthicsPromotion: Continuous score (0-1) reflecting the emotional activation (promotion) for the need 'Ethics'. Measures the level and valence of emotional engagement with this need.,
78,ActivationEthicsPromotion_Quartile,S,ActivationEthicsPromotion_Quartile: Continuous score (0-1) reflecting the emotional activation (promotion) for the need 'Ethics'. Measures the level and valence of emotional engagement with this need.,1st Quartile Group (Bottom 25%)^2nd Quartile Group^3rd Quartile Group^4th Quartile Group (Top 25%)
79,ActivationPurposePromotion,F,ActivationPurposePromotion: Continuous score (0-1) reflecting the emotional activation (promotion) for the need 'Purpose'. Measures the level and valence of emotional engagement with this need.,
80,ActivationPurposePromotion_Quartile,S,ActivationPurposePromotion_Quartile: Continuous score (0-1) reflecting the emotional activation (promotion) for the need 'Purpose'. Measures the level and valence of emotional engagement with this need.,1st Quartile Group (Bottom 25%)^2nd Quartile Group^3rd Quartile Group^4th Quartile Group (Top 25%)
81,ActivationFoundationalPrevention,F,ActivationFoundationalPrevention: Mean prevention activation score (0-1) across Foundational-level needs.,
82,ActivationFoundationalPrevention_Quartile,S,ActivationFoundationalPrevention_Quartile: Mean prevention activation score (0-1) across Foundational-level needs.,1st Quartile Group (Bottom 25%)^2nd Quartile Group^3rd Quartile Group^4th Quartile Group (Top 25%)
83,ActivationExperientialPrevention,F,ActivationExperientialPrevention: Mean prevention activation score (0-1) across Experiential-level needs.,
84,ActivationExperientialPrevention_Quartile,S,ActivationExperientialPrevention_Quartile: Mean prevention activation score (0-1) across Experiential-level needs.,1st Quartile Group (Bottom 25%)^2nd Quartile Group^3rd Quartile Group^4th Quartile Group (Top 25%)
85,ActivationAspirationalPrevention,F,ActivationAspirationalPrevention: Mean prevention activation score (0-1) across Aspirational-level needs.,
86,ActivationAspirationalPrevention_Quartile,S,ActivationAspirationalPrevention_Quartile: Mean prevention activation score (0-1) across Aspirational-level needs.,1st Quartile Group (Bottom 25%)^2nd Quartile Group^3rd Quartile Group^4th Quartile Group (Top 25%)
87,ActivationSelfPrevention,F,ActivationSelfPrevention: Mean prevention activation score (0-1) across Self-domain needs.,
88,ActivationSelfPrevention_Quartile,S,ActivationSelfPrevention_Quartile: Mean prevention activation score (0-1) across Self-domain needs.,1st Quartile Group (Bottom 25%)^2nd Quartile Group^3rd Quartile Group^4th Quartile Group (Top 25%)
89,ActivationMaterialPrevention,F,ActivationMaterialPrevention: Mean prevention activation score (0-1) across Material-domain needs.,
90,ActivationMaterialPrevention_Quartile,S,ActivationMaterialPrevention_Quartile: Mean prevention activation score (0-1) across Material-domain needs.,1st Quartile Group (Bottom 25%)^2nd Quartile Group^3rd Quartile Group^4th Quartile Group (Top 25%)
91,ActivationSocialPrevention,F,ActivationSocialPrevention: Mean prevention activation score (0-1) across Social-domain needs.,
92,ActivationSocialPrevention_Quartile,S,ActivationSocialPrevention_Quartile: Mean prevention activation score (0-1) across Social-domain needs.,1st Quartile Group (Bottom 25%)^2nd Quartile Group^3rd Quartile Group^4th Quartile Group (Top 25%)
93,ActivationSpiritualPrevention,F,ActivationSpiritualPrevention: Mean prevention activation score (0-1) across Spiritual-domain needs.,
94,ActivationSpiritualPrevention_Quartile,S,ActivationSpiritualPrevention_Quartile: Mean prevention activation score (0-1) across Spiritual-domain needs.,1st Quartile Group (Bottom 25%)^2nd Quartile Group^3rd Quartile Group^4th Quartile Group (Top 25%)
95,ActivationSafetyPrevention,F,ActivationSafetyPrevention: Continuous score (0-1) reflecting the emotional activation (prevention) for the need 'Safety'. Measures the level and valence of emotional engagement with this need.,
96,ActivationSafetyPrevention_Quartile,S,ActivationSafetyPrevention_Quartile: Continuous score (0-1) reflecting the emotional activation (prevention) for the need 'Safety'. Measures the level and valence of emotional engagement with this need.,1st Quartile Group (Bottom 25%)^2nd Quartile Group^3rd Quartile Group^4th Quartile Group (Top 25%)
97,ActivationAuthenticityPrevention,F,ActivationAuthenticityPrevention: Continuous score (0-1) reflecting the emotional activation (prevention) for the need 'Authenticity'. Measures the level and valence of emotional engagement with this need.,
98,ActivationAuthenticityPrevention_Quartile,S,ActivationAuthenticityPrevention_Quartile: Continuous score (0-1) reflecting the emotional activation (prevention) for the need 'Authenticity'. Measures the level and valence of emotional engagement with this need.,1st Quartile Group (Bottom 25%)^2nd Quartile Group^3rd Quartile Group^4th Quartile Group (Top 25%)
99,ActivationPotentialPrevention,F,ActivationPotentialPrevention: Continuous score (0-1) reflecting the emotional activation (prevention) for the need 'Potential'. Measures the level and valence of emotional engagement with this need.,
100,ActivationPotentialPrevention_Quartile,S,ActivationPotentialPrevention_Quartile: Continuous score (0-1) reflecting the emotional activation (prevention) for the need 'Potential'. Measures the level and valence of emotional engagement with this need.,1st Quartile Group (Bottom 25%)^2nd Quartile Group^3rd Quartile Group^4th Quartile Group (Top 25%)
101,ActivationAutonomyPrevention,F,ActivationAutonomyPrevention: Continuous score (0-1) reflecting the emotional activation (prevention) for the need 'Autonomy'. Measures the level and valence of emotional engagement with this need.,
102,ActivationAutonomyPrevention_Quartile,S,ActivationAutonomyPrevention_Quartile: Continuous score (0-1) reflecting the emotional activation (prevention) for the need 'Autonomy'. Measures the level and valence of emotional engagement with this need.,1st Quartile Group (Bottom 25%)^2nd Quartile Group^3rd Quartile Group^4th Quartile Group (Top 25%)
103,ActivationImmersionPrevention,F,ActivationImmersionPrevention: Continuous score (0-1) reflecting the emotional activation (prevention) for the need 'Immersion'. Measures the level and valence of emotional engagement with this need.,
104,ActivationImmersionPrevention_Quartile,S,ActivationImmersionPrevention_Quartile: Continuous score (0-1) reflecting the emotional activation (prevention) for the need 'Immersion'. Measures the level and valence of emotional engagement with this need.,1st Quartile Group (Bottom 25%)^2nd Quartile Group^3rd Quartile Group^4th Quartile Group (Top 25%)
105,ActivationSuccessPrevention,F,ActivationSuccessPrevention: Continuous score (0-1) reflecting the emotional activation (prevention) for the need 'Success'. Measures the level and valence of emotional engagement with this need.,
106,ActivationSuccessPrevention_Quartile,S,ActivationSuccessPrevention_Quartile: Continuous score (0-1) reflecting the emotional activation (prevention) for the need 'Success'. Measures the level and valence of emotional engagement with this need.,1st Quartile Group (Bottom 25%)^2nd Quartile Group^3rd Quartile Group^4th Quartile Group (Top 25%)
107,ActivationInclusionPrevention,F,ActivationInclusionPrevention: Continuous score (0-1) reflecting the emotional activation (prevention) for the need 'Inclusion'. Measures the level and valence of emotional engagement with this need.,
108,ActivationInclusionPrevention_Quartile,S,ActivationInclusionPrevention_Quartile: Continuous score (0-1) reflecting the emotional activation (prevention) for the need 'Inclusion'. Measures the level and valence of emotional engagement with this need.,1st Quartile Group (Bottom 25%)^2nd Quartile Group^3rd Quartile Group^4th Quartile Group (Top 25%)
109,ActivationCaringPrevention,F,ActivationCaringPrevention: Continuous score (0-1) reflecting the emotional activation (prevention) for the need 'Caring'. Measures the level and valence of emotional engagement with this need.,
110,ActivationCaringPrevention_Quartile,S,ActivationCaringPrevention_Quartile: Continuous score (0-1) reflecting the emotional activation (prevention) for the need 'Caring'. Measures the level and valence of emotional engagement with this need.,1st Quartile Group (Bottom 25%)^2nd Quartile Group^3rd Quartile Group^4th Quartile Group (Top 25%)
111,ActivationRecognitionPrevention,F,ActivationRecognitionPrevention: Continuous score (0-1) reflecting the emotional activation (prevention) for the need 'Recognition'. Measures the level and valence of emotional engagement with this need.,
112,ActivationRecognitionPrevention_Quartile,S,ActivationRecognitionPrevention_Quartile: Continuous score (0-1) reflecting the emotional activation (prevention) for the need 'Recognition'. Measures the level and valence of emotional engagement with this need.,1st Quartile Group (Bottom 25%)^2nd Quartile Group^3rd Quartile Group^4th Quartile Group (Top 25%)
113,ActivationJusticePrevention,F,ActivationJusticePrevention: Continuous score (0-1) reflecting the emotional activation (prevention) for the need 'Justice'. Measures the level and valence of emotional engagement with this need.,
114,ActivationJusticePrevention_Quartile,S,ActivationJusticePrevention_Quartile: Continuous score (0-1) reflecting the emotional activation (prevention) for the need 'Justice'. Measures the level and valence of emotional engagement with this need.,1st Quartile Group (Bottom 25%)^2nd Quartile Group^3rd Quartile Group^4th Quartile Group (Top 25%)
115,ActivationEthicsPrevention,F,ActivationEthicsPrevention: Continuous score (0-1) reflecting the emotional activation (prevention) for the need 'Ethics'. Measures the level and valence of emotional engagement with this need.,
116,ActivationEthicsPrevention_Quartile,S,ActivationEthicsPrevention_Quartile: Continuous score (0-1) reflecting the emotional activation (prevention) for the need 'Ethics'. Measures the level and valence of emotional engagement with this need.,1st Quartile Group (Bottom 25%)^2nd Quartile Group^3rd Quartile Group^4th Quartile Group (Top 25%)
117,ActivationPurposePrevention,F,ActivationPurposePrevention: Continuous score (0-1) reflecting the emotional activation (prevention) for the need 'Purpose'. Measures the level and valence of emotional engagement with this need.,
118,ActivationPurposePrevention_Quartile,S,ActivationPurposePrevention_Quartile: Continuous score (0-1) reflecting the emotional activation (prevention) for the need 'Purpose'. Measures the level and valence of emotional engagement with this need.,1st Quartile Group (Bottom 25%)^2nd Quartile Group^3rd Quartile Group^4th Quartile Group (Top 25%)
119,PromotionIndexOverall,F,PromotionIndexOverall: Ratio of positive motivational energy: Promotion / (Promotion + Prevention) across All 12 needs. Indicates net positive engagement (0-1).,
120,PromotionIndexOverall_Quartile,S,PromotionIndexOverall_Quartile: Ratio of positive motivational energy: Promotion / (Promotion + Prevention) across All 12 needs. Indicates net positive engagement (0-1).,1st Quartile Group (Bottom 25%)^2nd Quartile Group^3rd Quartile Group^4th Quartile Group (Top 25%)
121,PromotionIndexFoundational,F,PromotionIndexFoundational: Ratio of positive motivational energy: Promotion / (Promotion + Prevention) across Foundational-level needs. Indicates net positive engagement (0-1).,
122,PromotionIndexFoundational_Quartile,S,PromotionIndexFoundational_Quartile: Ratio of positive motivational energy: Promotion / (Promotion + Prevention) across Foundational-level needs. Indicates net positive engagement (0-1).,1st Quartile Group (Bottom 25%)^2nd Quartile Group^3rd Quartile Group^4th Quartile Group (Top 25%)
123,PromotionIndexExperiential,F,PromotionIndexExperiential: Ratio of positive motivational energy: Promotion / (Promotion + Prevention) across Experiential-level needs. Indicates net positive engagement (0-1).,
124,PromotionIndexExperiential_Quartile,S,PromotionIndexExperiential_Quartile: Ratio of positive motivational energy: Promotion / (Promotion + Prevention) across Experiential-level needs. Indicates net positive engagement (0-1).,1st Quartile Group (Bottom 25%)^2nd Quartile Group^3rd Quartile Group^4th Quartile Group (Top 25%)
125,PromotionIndexAspirational,F,PromotionIndexAspirational: Ratio of positive motivational energy: Promotion / (Promotion + Prevention) across Aspirational-level needs. Indicates net positive engagement (0-1).,
126,PromotionIndexAspirational_Quartile,S,PromotionIndexAspirational_Quartile: Ratio of positive motivational energy: Promotion / (Promotion + Prevention) across Aspirational-level needs. Indicates net positive engagement (0-1).,1st Quartile Group (Bottom 25%)^2nd Quartile Group^3rd Quartile Group^4th Quartile Group (Top 25%)
127,PromotionIndexSelf,F,PromotionIndexSelf: Ratio of positive motivational energy: Promotion / (Promotion + Prevention) across Self domain. Indicates net positive engagement (0-1).,
128,PromotionIndexSelf_Quartile,S,PromotionIndexSelf_Quartile: Ratio of positive motivational energy: Promotion / (Promotion + Prevention) across Self domain. Indicates net positive engagement (0-1).,1st Quartile Group (Bottom 25%)^2nd Quartile Group^3rd Quartile Group^4th Quartile Group (Top 25%)
129,PromotionIndexMaterial,F,PromotionIndexMaterial: Ratio of positive motivational energy: Promotion / (Promotion + Prevention) across Material domain. Indicates net positive engagement (0-1).,
130,PromotionIndexMaterial_Quartile,S,PromotionIndexMaterial_Quartile: Ratio of positive motivational energy: Promotion / (Promotion + Prevention) across Material domain. Indicates net positive engagement (0-1).,1st Quartile Group (Bottom 25%)^2nd Quartile Group^3rd Quartile Group^4th Quartile Group (Top 25%)
131,PromotionIndexSocial,F,PromotionIndexSocial: Ratio of positive motivational energy: Promotion / (Promotion + Prevention) across Social domain. Indicates net positive engagement (0-1).,
132,PromotionIndexSocial_Quartile,S,PromotionIndexSocial_Quartile: Ratio of positive motivational energy: Promotion / (Promotion + Prevention) across Social domain. Indicates net positive engagement (0-1).,1st Quartile Group (Bottom 25%)^2nd Quartile Group^3rd Quartile Group^4th Quartile Group (Top 25%)
133,PromotionIndexSpiritual,F,PromotionIndexSpiritual: Ratio of positive motivational energy: Promotion / (Promotion + Prevention) across Spiritual domain. Indicates net positive engagement (0-1).,
134,PromotionIndexSpiritual_Quartile,S,PromotionIndexSpiritual_Quartile: Ratio of positive motivational energy: Promotion / (Promotion + Prevention) across Spiritual domain. Indicates net positive engagement (0-1).,1st Quartile Group (Bottom 25%)^2nd Quartile Group^3rd Quartile Group^4th Quartile Group (Top 25%)
135,PromotionIndexSafety,F,PromotionIndexSafety: Ratio of positive motivational energy: Promotion / (Promotion + Prevention) across the need 'Safety'. Indicates net positive engagement (0-1).,
136,PromotionIndexSafety_Quartile,S,PromotionIndexSafety_Quartile: Ratio of positive motivational energy: Promotion / (Promotion + Prevention) across the need 'Safety'. Indicates net positive engagement (0-1).,1st Quartile Group (Bottom 25%)^2nd Quartile Group^3rd Quartile Group^4th Quartile Group (Top 25%)
137,PromotionIndexAuthenticity,F,PromotionIndexAuthenticity: Ratio of positive motivational energy: Promotion / (Promotion + Prevention) across the need 'Authenticity'. Indicates net positive engagement (0-1).,
138,PromotionIndexAuthenticity_Quartile,S,PromotionIndexAuthenticity_Quartile: Ratio of positive motivational energy: Promotion / (Promotion + Prevention) across the need 'Authenticity'. Indicates net positive engagement (0-1).,1st Quartile Group (Bottom 25%)^2nd Quartile Group^3rd Quartile Group^4th Quartile Group (Top 25%)
139,PromotionIndexPotential,F,PromotionIndexPotential: Ratio of positive motivational energy: Promotion / (Promotion + Prevention) across the need 'Potential'. Indicates net positive engagement (0-1).,
140,PromotionIndexPotential_Quartile,S,PromotionIndexPotential_Quartile: Ratio of positive motivational energy: Promotion / (Promotion + Prevention) across the need 'Potential'. Indicates net positive engagement (0-1).,1st Quartile Group (Bottom 25%)^2nd Quartile Group^3rd Quartile Group^4th Quartile Group (Top 25%)
141,PromotionIndexAutonomy,F,PromotionIndexAutonomy: Ratio of positive motivational energy: Promotion / (Promotion + Prevention) across the need 'Autonomy'. Indicates net positive engagement (0-1).,
142,PromotionIndexAutonomy_Quartile,S,PromotionIndexAutonomy_Quartile: Ratio of positive motivational energy: Promotion / (Promotion + Prevention) across the need 'Autonomy'. Indicates net positive engagement (0-1).,1st Quartile Group (Bottom 25%)^2nd Quartile Group^3rd Quartile Group^4th Quartile Group (Top 25%)
143,PromotionIndexImmersion,F,PromotionIndexImmersion: Ratio of positive motivational energy: Promotion / (Promotion + Prevention) across the need 'Immersion'. Indicates net positive engagement (0-1).,
144,PromotionIndexImmersion_Quartile,S,PromotionIndexImmersion_Quartile: Ratio of positive motivational energy: Promotion / (Promotion + Prevention) across the need 'Immersion'. Indicates net positive engagement (0-1).,1st Quartile Group (Bottom 25%)^2nd Quartile Group^3rd Quartile Group^4th Quartile Group (Top 25%)
145,PromotionIndexSuccess,F,PromotionIndexSuccess: Ratio of positive motivational energy: Promotion / (Promotion + Prevention) across the need 'Success'. Indicates net positive engagement (0-1).,
146,PromotionIndexSuccess_Quartile,S,PromotionIndexSuccess_Quartile: Ratio of positive motivational energy: Promotion / (Promotion + Prevention) across the need 'Success'. Indicates net positive engagement (0-1).,1st Quartile Group (Bottom 25%)^2nd Quartile Group^3rd Quartile Group^4th Quartile Group (Top 25%)
147,PromotionIndexInclusion,F,PromotionIndexInclusion: Ratio of positive motivational energy: Promotion / (Promotion + Prevention) across the need 'Inclusion'. Indicates net positive engagement (0-1).,
148,PromotionIndexInclusion_Quartile,S,PromotionIndexInclusion_Quartile: Ratio of positive motivational energy: Promotion / (Promotion + Prevention) across the need 'Inclusion'. Indicates net positive engagement (0-1).,1st Quartile Group (Bottom 25%)^2nd Quartile Group^3rd Quartile Group^4th Quartile Group (Top 25%)
149,PromotionIndexCaring,F,PromotionIndexCaring: Ratio of positive motivational energy: Promotion / (Promotion + Prevention) across the need 'Caring'. Indicates net positive engagement (0-1).,
150,PromotionIndexCaring_Quartile,S,PromotionIndexCaring_Quartile: Ratio of positive motivational energy: Promotion / (Promotion + Prevention) across the need 'Caring'. Indicates net positive engagement (0-1).,1st Quartile Group (Bottom 25%)^2nd Quartile Group^3rd Quartile Group^4th Quartile Group (Top 25%)
151,PromotionIndexRecognition,F,PromotionIndexRecognition: Ratio of positive motivational energy: Promotion / (Promotion + Prevention) across the need 'Recognition'. Indicates net positive engagement (0-1).,
152,PromotionIndexRecognition_Quartile,S,PromotionIndexRecognition_Quartile: Ratio of positive motivational energy: Promotion / (Promotion + Prevention) across the need 'Recognition'. Indicates net positive engagement (0-1).,1st Quartile Group (Bottom 25%)^2nd Quartile Group^3rd Quartile Group^4th Quartile Group (Top 25%)
153,PromotionIndexJustice,F,PromotionIndexJustice: Ratio of positive motivational energy: Promotion / (Promotion + Prevention) across the need 'Justice'. Indicates net positive engagement (0-1).,
154,PromotionIndexJustice_Quartile,S,PromotionIndexJustice_Quartile: Ratio of positive motivational energy: Promotion / (Promotion + Prevention) across the need 'Justice'. Indicates net positive engagement (0-1).,1st Quartile Group (Bottom 25%)^2nd Quartile Group^3rd Quartile Group^4th Quartile Group (Top 25%)
155,PromotionIndexEthics,F,PromotionIndexEthics: Ratio of positive motivational energy: Promotion / (Promotion + Prevention) across the need 'Ethics'. Indicates net positive engagement (0-1).,
156,PromotionIndexEthics_Quartile,S,PromotionIndexEthics_Quartile: Ratio of positive motivational energy: Promotion / (Promotion + Prevention) across the need 'Ethics'. Indicates net positive engagement (0-1).,1st Quartile Group (Bottom 25%)^2nd Quartile Group^3rd Quartile Group^4th Quartile Group (Top 25%)
157,PromotionIndexPurpose,F,PromotionIndexPurpose: Ratio of positive motivational energy: Promotion / (Promotion + Prevention) across the need 'Purpose'. Indicates net positive engagement (0-1).,
158,PromotionIndexPurpose_Quartile,S,PromotionIndexPurpose_Quartile: Ratio of positive motivational energy: Promotion / (Promotion + Prevention) across the need 'Purpose'. Indicates net positive engagement (0-1).,1st Quartile Group (Bottom 25%)^2nd Quartile Group^3rd Quartile Group^4th Quartile Group (Top 25%)
159,WellbeingOverall,F,WellbeingOverall: Normalized composite (0-1) measuring perceived fulfillment of All 12 needs. Combines activation magnitude and promotion-prevention balance.,
160,WellbeingOverall_Quartile,S,WellbeingOverall_Quartile: Normalized composite (0-1) measuring perceived fulfillment of All 12 needs. Combines activation magnitude and promotion-prevention balance.,1st Quartile Group (Bottom 25%)^2nd Quartile Group^3rd Quartile Group^4th Quartile Group (Top 25%)
161,WellbeingFoundational,F,WellbeingFoundational: Normalized composite (0-1) measuring perceived fulfillment of Foundational-level needs. Combines activation magnitude and promotion-prevention balance.,
162,WellbeingFoundational_Quartile,S,WellbeingFoundational_Quartile: Normalized composite (0-1) measuring perceived fulfillment of Foundational-level needs. Combines activation magnitude and promotion-prevention balance.,1st Quartile Group (Bottom 25%)^2nd Quartile Group^3rd Quartile Group^4th Quartile Group (Top 25%)
163,WellbeingExperiential,F,WellbeingExperiential: Normalized composite (0-1) measuring perceived fulfillment of Experiential-level needs. Combines activation magnitude and promotion-prevention balance.,
164,WellbeingExperiential_Quartile,S,WellbeingExperiential_Quartile: Normalized composite (0-1) measuring perceived fulfillment of Experiential-level needs. Combines activation magnitude and promotion-prevention balance.,1st Quartile Group (Bottom 25%)^2nd Quartile Group^3rd Quartile Group^4th Quartile Group (Top 25%)
165,WellbeingAspirational,F,WellbeingAspirational: Normalized composite (0-1) measuring perceived fulfillment of Aspirational-level needs. Combines activation magnitude and promotion-prevention balance.,
166,WellbeingAspirational_Quartile,S,WellbeingAspirational_Quartile: Normalized composite (0-1) measuring perceived fulfillment of Aspirational-level needs. Combines activation magnitude and promotion-prevention balance.,1st Quartile Group (Bottom 25%)^2nd Quartile Group^3rd Quartile Group^4th Quartile Group (Top 25%)
167,WellbeingSelf,F,WellbeingSelf: Normalized composite (0-1) measuring perceived fulfillment of Self domain. Combines activation magnitude and promotion-prevention balance.,
168,WellbeingSelf_Quartile,S,WellbeingSelf_Quartile: Normalized composite (0-1) measuring perceived fulfillment of Self domain. Combines activation magnitude and promotion-prevention balance.,1st Quartile Group (Bottom 25%)^2nd Quartile Group^3rd Quartile Group^4th Quartile Group (Top 25%)
169,WellbeingMaterial,F,WellbeingMaterial: Normalized composite (0-1) measuring perceived fulfillment of Material domain. Combines activation magnitude and promotion-prevention balance.,
170,WellbeingMaterial_Quartile,S,WellbeingMaterial_Quartile: Normalized composite (0-1) measuring perceived fulfillment of Material domain. Combines activation magnitude and promotion-prevention balance.,1st Quartile Group (Bottom 25%)^2nd Quartile Group^3rd Quartile Group^4th Quartile Group (Top 25%)
171,WellbeingSocial,F,WellbeingSocial: Normalized composite (0-1) measuring perceived fulfillment of Social domain. Combines activation magnitude and promotion-prevention balance.,
172,WellbeingSocial_Quartile,S,WellbeingSocial_Quartile: Normalized composite (0-1) measuring perceived fulfillment of Social domain. Combines activation magnitude and promotion-prevention balance.,1st Quartile Group (Bottom 25%)^2nd Quartile Group^3rd Quartile Group^4th Quartile Group (Top 25%)
173,WellbeingSpiritual,F,WellbeingSpiritual: Normalized composite (0-1) measuring perceived fulfillment of Spiritual domain. Combines activation magnitude and promotion-prevention balance.,
174,WellbeingSpiritual_Quartile,S,WellbeingSpiritual_Quartile: Normalized composite (0-1) measuring perceived fulfillment of Spiritual domain. Combines activation magnitude and promotion-prevention balance.,1st Quartile Group (Bottom 25%)^2nd Quartile Group^3rd Quartile Group^4th Quartile Group (Top 25%)
175,WellbeingSafety,F,WellbeingSafety: Normalized composite (0-1) measuring perceived fulfillment of the need 'Safety'. Combines activation magnitude and promotion-prevention balance.,
176,WellbeingSafety_Quartile,S,WellbeingSafety_Quartile: Normalized composite (0-1) measuring perceived fulfillment of the need 'Safety'. Combines activation magnitude and promotion-prevention balance.,1st Quartile Group (Bottom 25%)^2nd Quartile Group^3rd Quartile Group^4th Quartile Group (Top 25%)
177,WellbeingAuthenticity,F,WellbeingAuthenticity: Normalized composite (0-1) measuring perceived fulfillment of the need 'Authenticity'. Combines activation magnitude and promotion-prevention balance.,
178,WellbeingAuthenticity_Quartile,S,WellbeingAuthenticity_Quartile: Normalized composite (0-1) measuring perceived fulfillment of the need 'Authenticity'. Combines activation magnitude and promotion-prevention balance.,1st Quartile Group (Bottom 25%)^2nd Quartile Group^3rd Quartile Group^4th Quartile Group (Top 25%)
179,WellbeingPotential,F,WellbeingPotential: Normalized composite (0-1) measuring perceived fulfillment of the need 'Potential'. Combines activation magnitude and promotion-prevention balance.,
180,WellbeingPotential_Quartile,S,WellbeingPotential_Quartile: Normalized composite (0-1) measuring perceived fulfillment of the need 'Potential'. Combines activation magnitude and promotion-prevention balance.,1st Quartile Group (Bottom 25%)^2nd Quartile Group^3rd Quartile Group^4th Quartile Group (Top 25%)
181,WellbeingAutonomy,F,WellbeingAutonomy: Normalized composite (0-1) measuring perceived fulfillment of the need 'Autonomy'. Combines activation magnitude and promotion-prevention balance.,
182,WellbeingAutonomy_Quartile,S,WellbeingAutonomy_Quartile: Normalized composite (0-1) measuring perceived fulfillment of the need 'Autonomy'. Combines activation magnitude and promotion-prevention balance.,1st Quartile Group (Bottom 25%)^2nd Quartile Group^3rd Quartile Group^4th Quartile Group (Top 25%)
183,WellbeingImmersion,F,WellbeingImmersion: Normalized composite (0-1) measuring perceived fulfillment of the need 'Immersion'. Combines activation magnitude and promotion-prevention balance.,
184,WellbeingImmersion_Quartile,S,WellbeingImmersion_Quartile: Normalized composite (0-1) measuring perceived fulfillment of the need 'Immersion'. Combines activation magnitude and promotion-prevention balance.,1st Quartile Group (Bottom 25%)^2nd Quartile Group^3rd Quartile Group^4th Quartile Group (Top 25%)
185,WellbeingSuccess,F,WellbeingSuccess: Normalized composite (0-1) measuring perceived fulfillment of the need 'Success'. Combines activation magnitude and promotion-prevention balance.,
186,WellbeingSuccess_Quartile,S,WellbeingSuccess_Quartile: Normalized composite (0-1) measuring perceived fulfillment of the need 'Success'. Combines activation magnitude and promotion-prevention balance.,1st Quartile Group (Bottom 25%)^2nd Quartile Group^3rd Quartile Group^4th Quartile Group (Top 25%)
187,WellbeingInclusion,F,WellbeingInclusion: Normalized composite (0-1) measuring perceived fulfillment of the need 'Inclusion'. Combines activation magnitude and promotion-prevention balance.,
188,WellbeingInclusion_Quartile,S,WellbeingInclusion_Quartile: Normalized composite (0-1) measuring perceived fulfillment of the need 'Inclusion'. Combines activation magnitude and promotion-prevention balance.,1st Quartile Group (Bottom 25%)^2nd Quartile Group^3rd Quartile Group^4th Quartile Group (Top 25%)
189,WellbeingCaring,F,WellbeingCaring: Normalized composite (0-1) measuring perceived fulfillment of the need 'Caring'. Combines activation magnitude and promotion-prevention balance.,
190,WellbeingCaring_Quartile,S,WellbeingCaring_Quartile: Normalized composite (0-1) measuring perceived fulfillment of the need 'Caring'. Combines activation magnitude and promotion-prevention balance.,1st Quartile Group (Bottom 25%)^2nd Quartile Group^3rd Quartile Group^4th Quartile Group (Top 25%)
191,WellbeingRecognition,F,WellbeingRecognition: Normalized composite (0-1) measuring perceived fulfillment of the need 'Recognition'. Combines activation magnitude and promotion-prevention balance.,
192,WellbeingRecognition_Quartile,S,WellbeingRecognition_Quartile: Normalized composite (0-1) measuring perceived fulfillment of the need 'Recognition'. Combines activation magnitude and promotion-prevention balance.,1st Quartile Group (Bottom 25%)^2nd Quartile Group^3rd Quartile Group^4th Quartile Group (Top 25%)
193,WellbeingJustice,F,WellbeingJustice: Normalized composite (0-1) measuring perceived fulfillment of the need 'Justice'. Combines activation magnitude and promotion-prevention balance.,
194,WellbeingJustice_Quartile,S,WellbeingJustice_Quartile: Normalized composite (0-1) measuring perceived fulfillment of the need 'Justice'. Combines activation magnitude and promotion-prevention balance.,1st Quartile Group (Bottom 25%)^2nd Quartile Group^3rd Quartile Group^4th Quartile Group (Top 25%)
195,WellbeingEthics,F,WellbeingEthics: Normalized composite (0-1) measuring perceived fulfillment of the need 'Ethics'. Combines activation magnitude and promotion-prevention balance.,
196,WellbeingEthics_Quartile,S,WellbeingEthics_Quartile: Normalized composite (0-1) measuring perceived fulfillment of the need 'Ethics'. Combines activation magnitude and promotion-prevention balance.,1st Quartile Group (Bottom 25%)^2nd Quartile Group^3rd Quartile Group^4th Quartile Group (Top 25%)
197,WellbeingPurpose,F,WellbeingPurpose: Normalized composite (0-1) measuring perceived fulfillment of the need 'Purpose'. Combines activation magnitude and promotion-prevention balance.,
198,WellbeingPurpose_Quartile,S,WellbeingPurpose_Quartile: Normalized composite (0-1) measuring perceived fulfillment of the need 'Purpose'. Combines activation magnitude and promotion-prevention balance.,1st Quartile Group (Bottom 25%)^2nd Quartile Group^3rd Quartile Group^4th Quartile Group (Top 25%)
