4,2,What is your gender?,,Male^Female,X,,,,,
356,5,What is your marital status?,,"Married^Living with Unmarried Partner^Divorced or separated^Widowed^Single, never married",S,,,,,
5,7,Please tell us which age range you are in:,,14-17^18-24^25-34^35-44^45-54^55-64^65+,A,AVG,0^21^29.5^39.5^49.5^59.5^69.5,,,
357,7,What is the highest level of formal education you have completed?,,Have not graduated high school^Graduated high school^Technical School or Vocational Training^1-3 years of college (Did not graduate)^Associates or Professional Degree^Bachelors Degree^Post college study or degree,S,AVG,9^12^13^14^14^16^18,,,
149,12,Which one of the following categories best describes your current occupation?,,"Business Owner^Professional/Managerial^Salesperson^Factory worker/Laborer/Driver^Clerical or Service Worker^Homemaker^Student, High School or College^Military^Retired^Unemployed^Disabled (Unable to work)^Other (please specify)",S,,,,,
358,25,"What is the annual total income of your household? If you are not married or not living with someone as married, please report your personal income. (Please remember, your answers are anonymous.)",,"Less than $10,000^$10,000 to $14,999^$15,000 to $19,999^$20,000 to $24,999^$25,000 to $29,999^$30,000 to $34,999^$35,000 to $39,999^$40,000 to $44,999^$45,000 to $49,999^$50,000 to $54,999^$55,000 to $59,999^$60,000 to $64,999^$65,000 to $69,999^$70,000 to $74,999^$75,000 to $79,999^$80,000 to $84,999^$85,000 to $89,999^$90,000 to $94,999^$95,000 to $99,999^$100,000 to $109,999^$110,000 to $119,999^$120,000 to $129,999^$130,000 to $139,999^$140,000 to $149,999^$150,000 or more",S,,,,,
395,8,What is the annual total income of your household?,,"Less than $15,000^$15,000 to $24,999^$25,000 to $34,999^$35,000 to $49,999^$50,000 to $74,999^$75,000 to $99,999^$100,000 to $149,999^$150,000 or more",S,AVG,10000^20000^30000^42500^62500^87500^125000^175000,,,
359,5,Number of persons in your household?,,1^2^3^4^5 or more,S,,,,,
360,6,How many of the persons in your household are under the age of 18?,,0^1^2^3^4^5 or more,S,,,,,
361,5,What are the age ranges of the children in your household under the age of 18? (Check all that apply),,Under 2 years old^2 to 5 years old^6 to 9 years old^10 to 12 years old^13 to 17 years old,M,,,,360,"2,3,4,5,6"
362,2,Are you a Grandparent?,,Yes^No,S,,,,,
363,3,What is your household status?,,Own^Rent^Live with Parents/Family,S,,,,,
364,2,"Are you of Hispanic, Latino or Spanish origin?",,Yes^No,S,,,,,
365,6,Which ONE of the following categories best describes your race? (Choose only one),,African American/Black^Asian^Multi-Racial^Native American^White/Caucasian^Some other race or ethnic heritage,S,,,,,
367,20,Please check the statement that best describes your place of work:,,"Beauty Shop/Barber Shop^Catering^Church or Religious Organization^Contractor/Maintenance & Repair^Convenience Store (gas stations, food pantry, car wash)^Daycare^Government^Grocery Store^Health Care/Medical organization^Manufacturing^Motel, Hotel, Bed & Breakfast^Office/Administration^Professional Office (i.e. law office, bank, advertising, insurance etc.)^Restaurant^Retail Store^School (Elementary, Vo-Tech, College, Private)^Vending Operator^Other Foodservice (concessions, manufacturing)^Other not listed above^Don't work/Doesn't apply",S,,,,,
368,1,"Other, please specify:",,,F,,,,367,19
369,3,"In your job, do you purchase or influence the purchase of items for the company you work for?",,Yes^No^Don't work/Doesn't apply,S,,,,,
370,3,"In your job, how often do you travel out-of-town for business?",,Regularly^Occasionally^Never,S,,,,,
371,12,Is your company planning on purchasing any of the following over the next six months (Check all that apply),,Advertising^Auto or Truck(s)^Cleaning Supplies^Computer Equipment^Health Insurance^Liability Insurance^Office Furniture^Office Supplies^Payroll Services^Telecom Equipment or Services^Website^None of the above,M,,,,369,1
372,2,Are you a member of any of the following warehouse clubs? BJ's,,Yes^No,S,,,,,
373,2,Costco,,Yes^No,S,,,,,
374,2,Sam's Club,,Yes^No,S,,,,,
121,2,Do you have an Amazon Prime membership?,,Yes^No,S,,,,,
122,3,Which Amazon Prime subscription do you currently have?,,Monthly Prime Video subscription^Monthly Prime subscription^Annual Prime subscription,S,,,,121,1
123,4,How long have you had your Amazon Prime Membership?,,Less than a year^1 year^2 years^3 or more years,S,,,,121,1
124,20,"In the last 90 days, have you purchased any of the following using your Amazon Prime membership? (Check all that apply)",,"Apparel & Accessories^Appliances^Automotive Parts & Accessories^Beauty Products^CDs/DVDs/Videos/Books^Children's Products (i.e. apparel, toys, school supplies, etc.)^Electronics (e.g. TV, computer, mobile device, etc.)^Furniture & Decorative Home Furnishings^Groceries^Health & Wellness Products^Home Improvement & Hardware Supplies^Household Cleaning Products^Laundry Products^Lawn & Garden Supplies^Linens/Bedding/Draperies^Pet Supplies^Shoes^Sporting Goods^Other^None of the above",M,,,,121,1
125,1,"Other, please specify:",,,F,,,,124,19
126,2,Do other family members or friends use your Amazon Prime membership to buy products?,,Yes^No,S,,,,121,1
127,5,How many use it?,,1^2^3^4^5 or more,S,,,,126,1
128,3,Are you planning on renewing your Amazon Prime Membership?,,Yes^No^Unsure,S,,,,121,1
129,4,Are you considering purchasing an Amazon Prime membershipÖ,,In the next 3 months^In the next 3-6 months^In the next 6-12 months^Not planning to purchase an Amazon Prime membership,S,,,,121,2
130,3,What Amazon Prime subscription(s) are you considering purchasing? (Check all that apply),,Monthly Prime Video subscription^Monthly Prime subscription^Annual Prime subscription,M,,,,129,"1,2,3,"
131,2,Do you use a family member or friend's Amazon Prime membership to buy products?,,Yes^No,S,,,,121,2
132,2,Do you have a Walmart Plus (Walmart+) Membership?,,Yes^No,S,,,,,
133,4,How long have you had your Walmart Plus (Walmart+) Membership?,,Less than a year^1 year^2 years^3 or more years,S,,,,132,1
134,20,"In the last 90 days, have you purchased any of the following using your Walmart Plus (Walmart+) membership? (Check all that apply)",,"Apparel & Accessories^Appliances^Automotive Parts & Accessories^Beauty Products^CDs/DVDs/Videos/Books^Children's Products (i.e. apparel, toys, school supplies, etc.)^Electronics (e.g. TV, computer, mobile device, etc.)^Furniture & Decorative Home Furnishings^Groceries^Health & Wellness Products^Home Improvement & Hardware Supplies^Household Cleaning Products^Laundry Products^Lawn & Garden Supplies^Linens/Bedding/Draperies^Pet Supplies^Shoes^Sporting Goods^Other^None of the above",M,,,,132,1
135,1,"Other, please specify:",,,F,,,,134,19
136,2,Do other family members or friends use your Walmart Plus (Walmart+) membership to buy products?,,Yes^No,S,,,,132,1
137,5,How many use it?,,1^2^3^4^5 or more,S,,,,136,1
138,4,Are you considering purchasing a Walmart Plus (Walmart+) membershipÖ,,In the next 3 months^In the next 3-6 months^In the next 6-12 months^Not planning to purchase a Walmart Plus (Walmart+) membership,S,,,,132,2
139,2,Do you use a family member or friend's Walmart Plus (Walmart+) membership to buy products?,,Yes^No,S,,,,132,2
140,2,Would you be willing to subscribe to both Walmart Plus (Walmart+) and Amazon Prime?,,Yes^No,S,,,,,
366,6,Which card do you use MOST OFTEN for PERSONAL EXPENDITURES? (Choose only one),,American Express^Discover Card^Master Card^Visa^Store Credit Card^I don't have a Credit Card,S,,,,,
6,77,What year were you born?,,1935 or before^1936^1937^1938^1939^1940^1941^1942^1943^1944^1945^1946^1947^1948^1949^1950^1951^1952^1953^1954^1955^1956^1957^1958^1959^1960^1961^1962^1963^1964^1965^1966^1967^1968^1969^1970^1971^1972^1973^1974^1975^1976^1977^1978^1979^1980^1981^1982^1983^1984^1985^1986^1987^1988^1989^1990^1991^1992^1993^1994^1995^1996^1997^1998^1999^2000^2001^2002^2003^2004^2005^2006^2007^2008^2009^2010^2011,S,,,,,
402,5,Generation,,Gen Z^Millennials^Gen X^Boomers^Seniors,S,,,,,
7,2,"Do you plan to celebrate any of the winter holidays (Christmas, Chanukah/Hanukkah, Kwanzaa) this year?",,Yes^No,S,,,,,
8,3,Which winter holidays will you celebrate? (Check all that apply),,Christmas^Chanukah/Hanukkah^Kwanzaa,M,,,,7,1
9,16,How much do you plan to spend on the following items this year for the holidays? (in dollars) Gifts for family,,$0^$1-$10^$11-$20^$21-$30^$31-$40^$41-$50^$51-$75^$76-$100^$101-$150^$151-$200^$201-$300^$301-$400^$401-$500^$501-$1000^$1001-$2000^$2001 or more,S,,,,,
10,16,Gifts for friends,,$0^$1-$10^$11-$20^$21-$30^$31-$40^$41-$50^$51-$75^$76-$100^$101-$150^$151-$200^$201-$300^$301-$400^$401-$500^$501-$1000^$1001-$2000^$2001 or more,S,,,,,
11,16,Gifts for co-workers,,$0^$1-$10^$11-$20^$21-$30^$31-$40^$41-$50^$51-$75^$76-$100^$101-$150^$151-$200^$201-$300^$301-$400^$401-$500^$501-$1000^$1001-$2000^$2001 or more,S,,,,,
12,16,"Other gifts (such as babysitters, postal workers, pets, etc.)",,$0^$1-$10^$11-$20^$21-$30^$31-$40^$41-$50^$51-$75^$76-$100^$101-$150^$151-$200^$201-$300^$301-$400^$401-$500^$501-$1000^$1001-$2000^$2001 or more,S,,,,,
13,14,"Decorations (such as a Christmas tree, lights, candles, welcome mats, etc.)",,$0^$1-$10^$11-$20^$21-$30^$31-$40^$41-$50^$51-$75^$76-$100^$101-$150^$151-$200^$201-$300^$301-$400^$401-$500^$501 or more,S,,,,,
14,14,Greeting cards and postage,,$0^$1-$10^$11-$20^$21-$30^$31-$40^$41-$50^$51-$75^$76-$100^$101-$150^$151-$200^$201-$300^$301-$400^$401-$500^$501 or more,S,,,,,
15,14,Candy and food,,$0^$1-$10^$11-$20^$21-$30^$31-$40^$41-$50^$51-$75^$76-$100^$101-$150^$151-$200^$201-$300^$301-$400^$401-$500^$501 or more,S,,,,,
16,14,"Flowers like poinsettias, potted plants, etc.",,$0^$1-$10^$11-$20^$21-$30^$31-$40^$41-$50^$51-$75^$76-$100^$101-$150^$151-$200^$201-$300^$301-$400^$401-$500^$501 or more,S,,,,,
17,14,Where do you plan to purchase holiday items this year? (Check all that apply),,Discount store^Department store^Clothing or Accessories store^Electronics store^Other Specialty store^Local/Small business^Crafts or fabrics store^Drug store^Grocery store/supermarket^Online^Catalog^Thrift stores/Resale shops^Outlet stores^Other (please specify),M,,,,7,1
18,6,Do you plan to take advantage of any of the following shipping services when shopping online for the holiday season this year? (Check all that apply),,"Buy online, pick-up in store / Ship to store^Expedited shipping^Free shipping^Reserve online^Same-day delivery^Other (please specify)",M,,,,17,10
19,13,Which of the following are the most important factors in your decision to shop a particular retailer during the holiday season? (Check all that apply),,"Helpful, knowledgeable customer service^Quality of merchandise^Selection of merchandise^Sales or price discounts^Convenient location^Every-day low prices^No hassle return policy^Free shipping/shipping promotions^Easy-to-use website or mobile site^Layaway services^Sustainability considerations or initiatives^Other (please specify)",M,,,,7,1
20,9,Which types of holiday decorations do you plan to purchase this year? (Check all that apply),,"Christmas tree^Tree decorations (i.e., ornament, tree topper, tree skirt, etc.)^Candles and candelabras^Lights (i.e., string lights, icicle lights, etc.)^Large lawn displays (i.e., inflatables, animatronics, etc.)^Mid-sized lawn displays (i.e., statuettes and sculptures)^Indoor dÈcor (i.e., figurines, garland, stockings, window clings)^Door decorations (i.e., wreaths, doormats)^Themed homeware (i.e., towels, plates, pillows)",M,,,,13,"2,3,4,5,6,7,8,9,10,11,12,13,14"
21,6,When do you start shopping for the holiday season?,,Before September^September^October^November^First 2 weeks of December^Last 2 weeks of December,S,,,,,
22,13,Why do you begin shopping for the holiday season in October or prior? (Check all that apply),,"To spread out my gift shopping budget^Prices/promotions are too good to pass up^To avoid traditional crowds associated with shopping in November and December^I don't want to miss out on desired items (specific gifts, ornaments, decorations, wrapping paper, etc.)^Habit^I tend to shop for the holiday season year-round^To avoid the stress of last-minute shopping^Shopping early gives me more time to really enjoy/celebrate the holiday season^I am using layaway services available now^It's my favorite time of year^I like to get in the holiday spirit^It's an escape from everyday stressors^Other (please specify)",M,,,,21,"1,2,3"
23,7,Why are you planning to wait to start shopping for the winter holidays until November or December?,,It's when I find the best prices/promotions^It's when the best holiday items are available^It's tradition/when I always shop^It's when I figure out what I am going to buy^I can't afford to start shopping earlier^I don't know what I will need to buy before November or December^Other (please specify),M,,,,21,"4,5,6"
24,3,Are you starting your holiday shopping earlier this year compared to last year specifically because you are concerned that prices will go up later in the season due to tariffs?,,Yes^No^Unsure,S,,,,,
25,4,When do you plan to finish shopping for the winter holidays?,,September or earlier^October^November^December,S,,,,,
26,3,What are your spending plans for the upcoming holiday shopping season?,,Plan to spend more than last year^Plan to spend the same as last year^Plan to spend less than last year,S,,,,,
27,3,Are you expecting to spend more specifically because of higher prices due to tariffs?,,Yes^No^Unsure,S,,,,26,1
28,4,"How much do you agree or disagree with the following statement: ""I expect prices will be higher this year for gifts and other holiday items specifically because of tariffs.""ù",,Strongly agree^Somewhat agree^Somewhat disagree^Strongly disagree,S,,,,,
29,4,Do you anticipate experiencing difficulty finding gifts or other winter holiday items either online or in-store?,,"Yes, in-store^Yes, online^Yes, in-store and online^No, I don't anticipate any difficulty finding gifts or other winter holiday items",S,,,,,
30,5,Do you expect to see higher prices when shopping for holiday gifts and items?,,"Yes, much higher^Yes, somewhat higher^The same^No, somewhat less^No, much less",S,,,,,
31,9,"Which of the following, if any, are you doing to cover the cost of holiday gifts and items this year? (Check all that apply)",,"Borrowing money or going into debt^Using Buy Now, Pay Later^Taking out additional credit cards^Cutting back in other areas^Working overtime or taking on additional hours^Buying gifts for fewer people^Waiting until Thanksgiving weekend (Black Friday/Cyber Monday) sales to do most of your holiday shopping^Purchasing fewer items for myself^None of the above",M,,,,7,1
32,5,Who do you buy holiday gifts for first?,,Gifts for family^Gifts for friends^Gifts for coworkers^Gifts for myself^Other (please specify),S,,,,,
33,3,Which of the following best describes your holiday gift shopping strategy?,,"I prioritize getting all my gifts for my immediate family first, before buying gifts for others^I buy gifts for people as I see them or as they go on sale regardless of whether they are high on my priority list or not^My strategy for gift-giving is event-based - I will buy gifts depending on when I see someone regardless of who they are",S,,,,,
34,4,How likely are you to wait until Thanksgiving weekend (Black Friday/Cyber Monday) sales to do most of your holiday shopping?,,Very likely^Somewhat likely^Somewhat unlikely^Not likely at all,S,,,,,
35,5,Are sales and promotions more or less important to you when buying gifts and other items this holiday season compared to last?,,Significantly more^Somewhat more^The same^Somewhat less^Significantly less,S,,,,,
36,5,"Based on your present situation and feelings toward the economy, which of the following best describes your plans for the December Holiday Season? (Choose only one)",,I plan on spending more for gifts than last year.^I plan on spending the same for gifts as last year.^I plan on spending less for gifts than last year.^It's too early for me to know.^I don't celebrate the holiday season.,S,,,,,
37,3,"Do you plan to take advantage of sales or price discounts during the holiday season to make additional, NON-GIFT purchases for yourself or your family?",,Yes^No^Don't know,S,,,,,
38,16,"If yes, how much do you anticipate that you will spend on these purchases? (in dollars)",,$0^$1-$10^$11-$20^$21-$30^$31-$40^$41-$50^$51-$75^$76-$100^$101-$150^$151-$200^$201-$300^$301-$400^$401-$500^$501-$1000^$1001-$2000^$2001 or more,S,,,,37,1
39,10,What types of gifts would you like to receive this holiday season? (Check all that apply),,"Clothing or clothing accessories^Books, CDs, DVDs, videos or video games^Consumer electronics or computer-related accessories^Sporting goods or leisure items^Home dÈcor or home-related furnishings^Home improvement items or tools^Jewelry or precious metal accessories^Gift cards / gift certificates^Personal care or beauty items^Other (please specify)",M,,,,7,1
40,3,"Are you planning to give any gifts of experience this year? A gift of experience could be tickets to a concert or sporting event, hot air balloon ride, gym membership, spa service, art/learning classes, etc.",,Yes^No^Unsure,S,,,,,
41,7,What percentage of your holiday shopping do you plan to do online?,,None (0%)^1% to 10%^11% to 25%^26% to 50%^51% to 75%^76% to 99%^100%,S,,,,,
42,2,Will the state of the U.S. economy affect your spending plans for the holidays?,,Yes^No,S,,,,,
43,14,How will it affect your spending plans? (Check all that apply),,"Spending less overall^Comparative shopping online more often^Comparative shopping with newspapers/circulars more often^Comparative shopping using my mobile phone more often^Using coupons more often^Shopping for sales more often^Using layaway^Making more gifts for family and friends^Traveling less or not at all^Buying more practical gifts or necessities as gifts^Using last year's decorations with no plans to buy new ones^Purchasing a joint gift for children, parents, or couples instead of buying individual gifts^Using Buy Now, Pay Later payment option^Other (please specify)",M,,,,42,1
44,4,"How likely are you to use retailers' October holiday sale events like Amazon Prime Big Deal Days, Target Circle Week, and others to pick up holiday gifts, dÈcor, and other seasonal items?",,Very likely^Somewhat likely^Somewhat unlikely^Not likely at all,S,,,,,
45,3,How do you expect the October holiday sales to compare to deals later in the season?,,Better^The Same^Worse,S,,,,,
46,11,"Which of the following would you consider buying ""gently used,""ù""secondhand,"" or ""refurbished"" to give as a gift this holiday season? (Check all that apply)",,"Clothing or clothing accessories^Books, CDs, DVDs, videos, or video games^Consumer electronics or computer-related accessories^Sporting goods or leisure items^Home  dÈcor or home-related furnishings^Home improvement items or tools^Jewelry or precious metal accessories^Personal care or beauty items^Toys^Other^None of the above",M,,,,7,1
47,1,"Other, please specify:",,,F,,,,46,10
48,11,"Which of the following would you consider buying ""gently used,""  ""secondhand,"" or ""refurbished"" for as a gift to yourself this holiday season? (Check all that apply)",,"Clothing or clothing accessories^Books, CDs, DVDs, videos, or video games^Consumer electronics or computer-related accessories^Sporting goods or leisure items^Home  dÈcor or home-related furnishings^Home improvement items or tools^Jewelry or precious metal accessories^Personal care or beauty items^Toys^Other^None of the above",M,,,,7,1
49,1,"Other, please specify:",,,F,,,,48,10
50,7,"What are the primary reasons you would consider buying ""gently used,""  ""secondhand,"" or ""refurbished"" products as gifts this holiday season? (Check all that apply)",,Save money^Be more sustainable^Greater value^Afford higher-end or luxury brands^Find one-of-a-kind items^Other^None of the above,M,,,,7,1
51,1,"Other, please specify:",,,F,,,,50,6
52,26,Please tell us which of the following media influences your purchases of holiday gifts. (Please check all that apply),,"Direct Mail^Email Advertising^Coupons^Magazines^Newspaper^Advertising Inserts^Internet^Yellow Pages^Outdoor Billboards^Radio^Satellite Radio (XM-Sirius)^Web Radio^TV/Broadcast (e.g. ABC, CBS, NBC, FOX, etc.)^Cable (e.g. CNN, Lifetime, USA, TNT, etc.)^Word of Mouth^Read Article on Product^Instore Promotion^Video on Mobile Device* or Computer^Text Messaging on Mobile Device*^Product Reviews^Celebrity Blogger/Influencer^Non-Celebrity Blogger/Influencer^Online Video Game Advertising^Social Media (Facebook, X, Instagram, Pinterest, TikTok, etc.)^Mobile Websites and Apps (Smartphone, Tablet)^Product Placement**",M,,,,7,1
53,4,"In the past 30 days, how have you shopped for the following products? (Check all that apply)  Apparel & Accessories",,In a physical store^Online site (via desktop/laptop)^Mobile site (via smartphone/tablet)^Have not shopped in past 30 days,M,,,,,
54,4,Shoes,,In a physical store^Online site (via desktop/laptop)^Mobile site (via smartphone/tablet)^Have not shopped in past 30 days,M,,,,,
55,4,Electronics,,In a physical store^Online site (via desktop/laptop)^Mobile site (via smartphone/tablet)^Have not shopped in past 30 days,M,,,,,
56,4,Home DÈcor/Linens & Bedding,,In a physical store^Online site (via desktop/laptop)^Mobile site (via smartphone/tablet)^Have not shopped in past 30 days,M,,,,,
57,4,Sporting Goods/Exercise Equipment,,In a physical store^Online site (via desktop/laptop)^Mobile site (via smartphone/tablet)^Have not shopped in past 30 days,M,,,,,
58,4,Home Improvement/Lawn & Garden Supplies,,In a physical store^Online site (via desktop/laptop)^Mobile site (via smartphone/tablet)^Have not shopped in past 30 days,M,,,,,
59,4,Children's Toys,,In a physical store^Online site (via desktop/laptop)^Mobile site (via smartphone/tablet)^Have not shopped in past 30 days,M,,,,,
60,4,Health & Beauty Aids,,In a physical store^Online site (via desktop/laptop)^Mobile site (via smartphone/tablet)^Have not shopped in past 30 days,M,,,,,
61,4,Groceries,,In a physical store^Online site (via desktop/laptop)^Mobile site (via smartphone/tablet)^Have not shopped in past 30 days,M,,,,,
62,4,"Household Supplies (e.g. cleaning, laundry, paper products, etc.)",,In a physical store^Online site (via desktop/laptop)^Mobile site (via smartphone/tablet)^Have not shopped in past 30 days,M,,,,,
63,4,Prescription Drugs/Refills,,In a physical store^Online site (via desktop/laptop)^Mobile site (via smartphone/tablet)^Have not shopped in past 30 days,M,,,,,
64,4,Appliances,,In a physical store^Online site (via desktop/laptop)^Mobile site (via smartphone/tablet)^Have not shopped in past 30 days,M,,,,,
65,4,Furniture,,In a physical store^Online site (via desktop/laptop)^Mobile site (via smartphone/tablet)^Have not shopped in past 30 days,M,,,,,
66,6,"In the past 30 days, have you interacted with a bank/financial institution in any of the following ways? (Check all that apply)",,"In a physical location (bank, brokerage office, etc.)^At an ATM^Online site (via desktop/laptop)^Mobile app (via smartphone/tablet)^Mobile site (via smartphone/tablet)^Have not interacted with a bank/financial institution in the past 30 days",M,,,,,
67,4,"In the past 30 days, have you done any of the following? (Check all that apply)",,"Fast Food Drive Thru^Carry Out/Pick Up at a Full Service Restaurant^Food delivered by a delivery service (e.g. Door Dash, Uber Eats, etc.)^Food delivered by the restaurant itself",M,,,,,
68,2,"When buying clothes, familiar labels are important to me.",,Yes^No,S,,,,,
69,3,Check the statement that best applies to your feelings about fashion: (Check only one),,Newest trends and styles are important to me^I prefer a traditional conservative look^Fashion is less important than value and comfort to me,S,,,,,
70,3,Which one of the following best describes your shopping strategy for clothing? (Check only one),,Sales are not important to me when buying clothing^I usually buy clothing when it's on sale^I only buy clothing when it's on sale,S,,,,,
71,5,"How do you feel†about the following statement? ""My philosophy of spending is 'Live for today†because tomorrow is so uncertain.'''",,Strongly Agree^Agree^Uncertain^Disagree^Strongly Disagree,S,,,,,
72,3,"When you buy gifts for others, How often to you buy brands for others that you don't buy yourself?",,Regularly^Occasionally^Never,S,,,,,
73,19,Have you purchased any of the following brands over the last 6 months? (Check all that apply),,Armani^Balenciaga^Burberry^Calvin Klein^Canada Goose^Chanel^Coach^Dior^Gucci^Kate Spade^Louis Vuitton^Michael Kors^Prada^Ralph Lauren^Tommy Hilfiger^UGG^Versace^Other^None of the Above,M,,,,,
74,1,"Other, please specify:",,,F,,,,73,18
75,24,Have you purchased any of the following brands over the last 6 months? (Check all that apply),,Adidas^Athleta^Carter's^Crocs^Columbia Sportswear^Hanes^Lee Jeans^Levi's Jeans^Lululemon^Merrell^Nike^Pink^Saucony^Skechers^Sperry^Steve Madden^Timberland^The North Face^Vans^Victoria's Secret^Under Armour^Wrangler Jeans^Other^None of the Above,M,,,,,
76,1,"Other, please specify:",,,F,,,,75,23
77,1,Women's Clothing (Shop at Most Often) [write-in],,,R,20,50,A,,
78,1,Men's Clothing (Shop at Most Often) [write-in],,,R,20,50,A,,
79,1,Children's Clothing (Shop at Most Often) [write-in],,,R,20,50,A,,
80,35,"Regarding the store you shop at most often for Children's Clothing, what are the reasons why you buy your Children's Clothing there? (Check all that apply)",,"Price^Selection^Location^Quality^Service^Advertising^Promotions (sales, coupons, etc.)^Fashion ideas^Good selection of brands^Good selection of sizes^Good selection of styles^Newest styles^Newest fabrics^Knowledgeable salespeople^Store appearance^Store layout^In-store experience^Store credit card^Store loyalty card^Trustworthy retailer^Offers buy online, pick up in store service^Easy to navigate website/mobile site^Secure website/mobile site^Convenience of website/mobile site^No hassle return policy^Free delivery^One or two day delivery^Same day delivery^Safe environment^Environmentally responsible^Ethical business practices^Socially responsible business^Recommended by friend or relative^Easy to shop from my mobile device^Other (please specify)",M,,,,,
81,11,How likely is it that you would recommend this store for Children's Clothing to a friend or colleague?,,0 - Not At All Likely^1^2^3^4^5^6^7^8^9^10 - Extremely Likely,S,,,,,
82,25,Approximately how many years have you shopped most often at this store for your Children's Clothing?,,1 year^2 years^3 years^4 years^5 years^6 years^7 years^8 years^9 years^10 years^11 years^12 years^13 years^14 years^15 years^16 years^17 years^18 years^19 years^20 years^21 years^22 years^23 years^24 years^25 or more years,S,,,,,
83,1,What store did you previously shop at most often for Children's Clothing? [write-in],,,R,20,50,A,82,1
84,32,What were the reasons for switching stores? (Check all that apply),,"Brands not available^Decline of store appearance^Did not have newest fashions^Difficult to park^High prices^No promotions (sales, coupons, etc.)^Inconvenient location^Long lines for checkout and/or dressing rooms^In-store experience^Poor customer service^Poor quality^Poor selection^Return policy^Right sizes never available^Salespeople not knowledgeable^Saw advertising for a competitor^Retailer not trustworthy^No buy online, pick up in store service^Confusing/difficult return policy^No store credit card^No store loyalty card^Poor website/mobile site^No Free delivery^No one or two day delivery^No same day delivery^Not a safe environment^Not a environmentally responsible business^Unethical business practices^Not a socially responsible business^Not recommended by friend or relative^Not easy to shop from my mobile device^Other (please specify)",M,,,,82,1
85,3,"When shopping at this store, how often are you unable to find the specific product you went there to purchase?",,Regulary^Occasionally^Never,S,,,,,
86,6,What do you do when you can't find the product? (Check all that apply):,,Go to another location of the same retailer^Go to another retail store^Buy it online^Ask a store employee^Ask a store manager^Other (please specify),M,,,,85,"1,2"
87,1,Please fill in the name of the store you shop at second most often for Children's Clothing: [write-in],,,R,20,50,A,,
88,25,Have you shopped for Children's Clothing at any of the following stores in the last 90 days? (Check all that apply),,Amazon.com^Babies R Us^Burlington^Belk^Carter's^Dillard's^Gap^Goodwill^Gymboree^JC Penney^Kmart^Kohl's^Macy's^Marshalls^Old Navy^Ross^Sears^SHEIN^Target^Temu^The Children's Place^TJ Maxx^Walmart^Other^Have not shopped for Children's Clothing in the last 90 days,M,,,,,
89,1,"Other, please specify:",,,F,,,,88,24
90,9,"In an average month, approximately how much do you spend on Children's Clothing?",,$0^$1 - $10^$11 -$25^$26 - $50^$51 - $75^$76 - $100^$101 - $200^$201 - $300^$301 or more,S,AVG,0^5.5^18^38^63^88^150.5^250.5^350.5,,,
91,7,Approximately what percentage of your Children's Clothing purchases do you make ONLINE?,,0% - Do not make these purchases online^1% to 10%^11% to 25%^26% to 50%^51% to 75%^76% to 99%^100%,S,,,,,
92,1,Where do you buy your Children's Clothing purchases ONLINE most often? [write-in],,,B,20,50,,91,"2,3,4,5,6,7"
93,1,Children's Toys (Shop at Most Often) [write-in],,,R,20,50,T,,
94,1,Shoes (Shop at Most Often) [write-in],,,R,20,50,A,,
95,1,"Electronics (TVs, DVDs, etc.) (Shop at Most Often) [write-in]",,,R,20,50,H,,
96,1,Sporting Goods/Exercise Equipment (Shop at Most Often) [write-in],,,R,20,50,H,,
97,1,Linens/Bedding/Draperies (Shop at Most Often) [write-in],,,R,20,50,H,,
98,1,Home Improvement/Hardware (Shop at Most Often) [write-in],,,R,20,50,H,,
99,1,Prescription Drugs (Shop at Most Often) [write-in],,,R,20,50,G,,
100,1,Groceries - 1st Choice (Shop at Most Often) [write-in],,,R,20,50,G,,
101,1,Groceries - 2nd Choice (Shop at Most Often) [write-in],,,R,20,50,G,,
102,1,Health & Beauty Aids - 1st Choice (Shop at Most Often) [write-in],,,R,20,50,G,,
103,1,Health & Beauty Aids - 2nd Choice (Shop at Most Often) [write-in],,,R,20,50,G,,
104,5,"Have you used the Buy Online, Pick Up In Store services at the store you shop most often for GROCERIES?",,"Yes, I regularly use this service^Yes, I occasionally use this service^Yes, I've tried this service once or just a few times^No, I have not used this service but I am considering it^No/Not applicable",S,,,,,
105,11,"How likely is it that you would recommend the Buy Online, Pick Up In Store services at this store to a friend or colleague?",,0 - Not At All Likely^1^2^3^4^5^6^7^8^9^10 - Extremely Likely,S,,,,104,"1,2,3"
106,5,Have you used the Home Delivery services at the store you shop most often for GROCERIES?,,"Yes, I regularly use this service^Yes, I occasionally use this service^Yes, I've tried this service once or just a few times^No, I have not used this service but I am considering it^No/Not applicable",S,,,,,
107,11,How likely is it that you would recommend the  Home Delivery services at this store to a friend or colleague?,,0 - Not At All Likely^1^2^3^4^5^6^7^8^9^10 - Extremely Likely,S,,,,106,"1,2,3"
108,4,In the past 30 days have you used any of the following when shopping for groceries?(Check all that apply),,"Buy Online, Pick Up In Store^Home delivery - one or two day^Home delivery - same day^None of the above",M,,,,,
109,1,Which retailer has the easiest to use home delivery service for groceries? [Write-in],,,R,20,50,G,108,"2,3"
110,10,Which of the following retailers have you shopped in the past 90 days? (Check all that apply),,Aldi^Amazon.com^Best Buy^JC Penney^Kohl's^Kroger^Macy's^Target^Walmart^None of the above,M,,,,,
111,11,How likely is it that you would recommend the following retailer(s) to a friend or colleague? Aldi ,,0 - Not At All Likely^1^2^3^4^5^6^7^8^9^10 - Extremely Likely,S,,,,,
112,11,Amazon,,0 - Not At All Likely^1^2^3^4^5^6^7^8^9^10 - Extremely Likely,S,,,,,
113,11,Best Buy,,0 - Not At All Likely^1^2^3^4^5^6^7^8^9^10 - Extremely Likely,S,,,,,
114,11,JC Penney,,0 - Not At All Likely^1^2^3^4^5^6^7^8^9^10 - Extremely Likely,S,,,,,
115,11,Kohl's,,0 - Not At All Likely^1^2^3^4^5^6^7^8^9^10 - Extremely Likely,S,,,,,
116,11,Kroger,,0 - Not At All Likely^1^2^3^4^5^6^7^8^9^10 - Extremely Likely,S,,,,,
117,11,Macy's,,0 - Not At All Likely^1^2^3^4^5^6^7^8^9^10 - Extremely Likely,S,,,,,
118,11,Target,,0 - Not At All Likely^1^2^3^4^5^6^7^8^9^10 - Extremely Likely,S,,,,,
119,11,Walmart,,0 - Not At All Likely^1^2^3^4^5^6^7^8^9^10 - Extremely Likely,S,,,,,
141,4,Which one of the following best describes your feelings about chances for a strong economy during the next 6 months?,,Very confident^Confident^Little confidence^No confidence,S,,,,,
142,15,Do any of the following have a negative impact on your view of the US Economy? (Check all that apply),,Challenges facing certain U.S. Banks^Covid-19 pandemic^Crime^Government Spending^Inflation^Mexico border control^Social unrest^Terrorism^The conflict in Ukraine^U.S.-China relations^Israel-Hamas War^Tariffs^Iran Conflict^Other^None of the above,M,,,,,
143,1,"Other, please specify:",,,F,,,,142,14
144,10,"As a result of the conflict in Ukraine, are you concerned about any of the following economic or national security issues? (Check all that apply)",,Inflation^Nuclear war^Cyber attacks^Terrorism^Fluctuating Gas Prices^Food prices^Product shortages^The stock market^Other^I am not concerned about the conflict in Ukraine's impact on any economic or national security issues.,M,,,,,
145,1,"Other, please specify:",,,F,,,,144,9
146,5,"How do you feel about the following statement? ""I believe the U.S. economy is on the right track.""ù",,Strongly Agree^Agree^Uncertain^Disagree^Strongly Disagree,S,,,,,
147,3,"Regarding the U.S. employment environment, over the next six (6) months, do you think that there will be more, the same or fewer layoffs than at present?",,More^Same^Fewer,S,,,,,
148,8,Which of the following most accurately describes your employment environment? (Check all that apply),,I am employed full-time^I am employed part-time^I am concerned with being laid off^I know people who have been laid off^Someone in my family has been laid off^I am unemployed^I am retired^I am disabled,M,,,,,
150,5,Please tell us your feelings towards investing in the stock market.,,Would definitely invest (You are Very Confident)^Would probably invest (You are Confident)^Would probably not invest (You have little confidence)^Would definitely not invest (You have no confidence)^I don't invest in the stock market at all,S,,,,,
151,3,Do you buy or sell stocks using a mobile app or online?,,Regularly^Occasionally^Never,S,,,,,
152,5,"How important are environmental, social and governance issues to you when buying stocks?",,1 - Not at all important^2 - Not very important^3 - Neutral^4 - Somewhat important^5 - Very important,S,,,,150,"1,2"
153,14,Which of the following investments do you currently have? (Check all that apply),,Annuities^Bonds^CDs^Company sponsored 401(k) or 403(b)^Crypto^Gold^Individual Retirement Account (IRA)^Life Insurance^Money market account^Mutual fund investments^Savings account^Stocks in companies^Treasury Bills^None of the above,M,,,,,
154,24,"Excluding the value of your home, what is the approximate value of your household's investments that you are planning to use for retirement?",,"Under $10,000^$10,000 - $19,999^$20,000 - $29,999^$30,000 - $39,999^$40,000 - $49,999^$50,000 - $99,999^$100,000 - $149,999^$150,000 - $199,999^$200,000 - $249,999^$250,000 - $299,999^$300,000 - $349,999^$350,000 - $399,999^$400,000 - $449,999^$450,000 - $499,999^$500,000 - $599,999^$600,000 - $699,999^$700,000 - $799,999^$800,000 - $899,999^$900,000 - $999,999^$1,000,000 - $1,999,999^$2,000,000 - $2,999,999^$3,000,000 - $3,999,999^$4,000,000 - $4,999,999^$5,000,000 or more",S,,,,153,"1,2,3,4,5,6,7,8,9,10,11,12,13"
155,5,I believe that the brands and services I buy should focus more on building better products and services and less on promoting sensitive cultural societal issues.,,1 - Strongly Disagree^2 - Somewhat Disagree^3 - Neither Agree nor Disagree^4 - Somewhat Agree^5 - Strongly Agree,S,,,,,
156,5,How important is news about tariffs when you buy or sell stocks?,,1 - Not at all important^2 - Not very important^3 - Neutral^4 - Somewhat important^5 - Very important,S,,,,,
157,5,Do you use crypto currency for any of the following?  (Check all that apply),,As an investment^To make Person to Person payments^To purchase goods or services from a merchant^Other^I don't use crypto currency,M,,,,,
158,1,"Other, please specify:",,,F,,,,157,4
159,17,Is the current state of the US economy affecting your household spending plans in any of the following ways? (Check all that apply),,"Spending less overall^Comparative shopping online more often^Comparative shopping with newspapers/circulars more often^Comparative shopping using my mobile phone more often^Using coupons more often^Shopping for sales more often^Making more gifts for family and friends^Traveling less or not at all^Buying more practical gifts or necessities as gifts^Taking fewer shopping trips^Spending less on apparel^Dining out less frequently^Cutting back on ""small luxuries"" like high-end cosmetics and trips to coffee shops^Shopping at discount stores more often^Shopping at thrift stores more often^Other^The state of the US economy is NOT affecting household spending plans",M,,,,,
160,1,"Other, please specify:",,,F,,,,159,16
161,3,"When you shop for products instore or online, have you encountered any price increases which you believe were due to tariff increases?",,Yes^No^Uncertain,S,,,,,
162,12,"As a result of tariffs, I expect to pay more for... (Check all that apply)",,Alcoholic Beverages^Appliances^Automobiles^Clothing^Computers & Electronics^Dining Out^Furniture^Gas & Energy^Groceries^Home Improvement Products^Toys^Other (please specify),M,,,,,
163,5,Do you believe the American Dream that says if you work hard and sacrifice you can achieve home ownership and  upward mobility today?,,Strongly Disagree^Disagree^Uncertain^Agree^Strongly Agree,S,,,,,
164,10,How have fluctuating gas prices impacted your spending? (Check all that apply),,"Delayed major purchase such as car, TV, furniture^Reduced dining out^Decreased vacation/travel^Increased carpooling^I will be driving less^Spending less on groceries^Spending less on clothing^Shopping more online^Other^No major impact",M,,,,,
165,1,"Other, please specify:",,,F,,,,164,9
166,11,"As a result of fluctuating gas prices, are you doing any of the following? (Check all that apply)",,Buying more store brand/generic products^Doing more comparative shopping online^Doing more comparative shopping with ad circulars/newspapers^Shopping closer to home^Shopping for sales more often^Shopping more online^Taking fewer shopping trips^Taking public transportation more^Using coupons more^Deferring auto maintenance/tires^Other (please specify),M,,,,,
167,3,"Do you believe the price of gas will be more, the same or less at the end of the month?",,More^Same^Less,S,,,,,
168,19,At what price per gallon do you think the price of gas will be at the end of the month?,,Less than $2.00^$2.00^$2.25^$2.50^$2.75^$3.00^$3.25^$3.50^$3.75^$4.00^$4.25^$4.50^$4.75^$5.00^$5.50^$6.00^$6.50^$7.00^$7.50 or more,S,AVG,1.75^2^2.25^2.5^2.75^3^3.25^3.5^3.75^4^4.25^4.5^4.75^5^5.5^6^6.5^7^7.5,,,
169,18,Please tell us what price per gallon for gasoline causes you to change your driving habits:,,$2.25^$2.50^$2.75^$3.00^$3.25^$3.50^$3.75^$4.00^$4.25^$4.50^$4.75^$5.00^$5.50^$6.00^$6.50^$7.00^$7.50 or more^Will not change driving habits,S,AVG,2.25^2.5^2.75^3^3.25^3.5^3.75^4^4.25^4.5^4.75^5^5.5^6^6.5^7^7.5^0,,,
170,28,Have you noticed price increases in any of the following? (Check all the apply),,"Apparel & Accessories^Dining Out^Gasoline^Groceries - Meat/Poultry/Fish^Groceries - Fresh Produce^Groceries - Frozen Foods^Groceries - Packaged Foods^Health & Beauty Products^Heath Insurance^Home Improvement Products^Home DÈcor^Household Cleaning & Laundry Products^Insurance (Auto, Home, etc.)^Linens/Bedding/Draperies^Pet Supplies^Prescriptions/Medicines^Property Taxes^Rent^Services - Internet Access^Services - Mobile Phone^Services - TV & Video Entertainment^Transportation^Travel^Utilities - Electricity^Utilities - Gas^Utilities - Oil^Other^None of the above",M,,,,,
171,1,"Other, please specify:",,,F,,,,170,27
172,13,"As a result of price increases, are you doing any of the following? (Check all that apply)",,Buying more store brand/generic products^Cancelling some entertainment subscriptions^Cancelling some product subscriptions^Doing more comparative shopping online^Doing more comparative shopping with ad circulars/newspapers^Shopping closer to home^Shopping for sales more often^Shopping more online^Taking fewer shopping trips^Taking public transportation more^Using coupons more^Deferring auto maintenance/tires^Other (please specify),M,,,,170,"1,2,3,4,5,6,7,8,9,10,11,12,13,14,15,16,17,18,19,20,21,22,23,24,25,26,27"
173,3,"As a result of price increases, how has your Standard of Living changed?",,Decreased^Stayed the Same^Unsure,S,,,,,
174,6,"Which of the following, if any, do you think are reasons prices are higher than they were a year ago? (Check all that apply)",,"Companies unfairly raising prices just because they can^Companies raising prices because their costs for rent, labor and the supply chain have gone up^Low inventory^Tariffs on goods imported to the U.S. from other countries^Other^Don't know",M,,,,,
175,1,"Other, please specify:",,,F,,,,174,5
176,5,When do you expect inflation to get better?,,Within a month or less^In the next 2-3 months^In the next 4-6 months^More than 6 months^Don't know,S,,,,,
177,16,"In the last 6 months, have you made any of the following changes? (Check all that apply)",,"I have become more practical and realistic in my purchases^I have become less practical and more impulsive in my purchases^I focus more on what I NEED rather than what I WANT^I have become more conscious about food safety^I am spending more time and money on decorating my home^I worry more about political and national security issues^I worry more about my safety in public places^I have reordered priorities in my daily life^I have become more budget conscious^I am spending more time with my family^I am shopping less at enclosed shopping malls and more at free standing stores^I am focusing more on ""experiences"" rather than buying ""stuff""^ I am focusing more on buying local and/or from small businesses^I have become more environmentally responsible in my daily life^I am eating home cooked meals more often^I have not made any changes",M,,,,,
178,11,Which of the following financial steps are you planning to take in the next 3 months? (Check all that apply),,Refinance home^Pay down debt^Increase savings^Pay with cash more often^Buy Stocks^Sell Stocks^Decrease overall spending^Buy Home^Sell Home^Other^None,M,,,,,
179,1,"Other, please specify:",,,F,,,,178,10
180,6,Are you planning on buying or switching any of the following types of insurance in the next 6 months? (Check all that apply),,Auto Insurance^Health insurance^Homeowner's insurance^Life Insurance^Renter's insurance^None of the above,M,,,,,
181,11,Are you PLANNING or ANTICIPATING any of the following life events within the next 6 months? (Check all that apply),,Buying a House^Selling a House^Expecting a baby^Getting married^Getting separated/divorced^Moving^New Job^Starting or developing your own business^Retiring^Other^Not anticipating any of the above life events,M,,,,,
182,1,"Other, please specify:",,,F,,,,180,10
183,5,"How do you feel about the following statement? ""I am saving enough to meet my future needs.""",,Strongly Agree^Agree^Uncertain^Disagree^Strongly Disagree,S,,,,,
184,5,"How do you feel about your overall financial security? Please tell us using a scale of 1 (""Very insecure/financially vulnerable"") to 5 (""Very secure/financially stable"")",,1 - Very insecure/financially vulnerable^2 - Somewhat insecure/financially vulnerable^3 - Undecided^4 - Somewhat secure/financial stable^5 - Very secure/financial stable,S,,,,,
185,8,"Over the last 30 days, have you put off or deferred purchases in any of the following areas? (Check all that apply)",,"Apparel^Going out to eat^Vacation Travel^Home Improvement Projects^Entertainment (movies, shows, etc.)^Auto Purchases^Electronics (TV, DVD, etc.)^Other (please specify)",M,,,,,
186,3,"Do you like it when social media sites, search engines, mobile apps, etc. take your personal, online and mobile location data and allow advertisers to use it to send you advertising?",,I like it^I don't like it^I don't care,S,,,,,
187,3,How do you feel about advertisers who access your personal data in order to target their advertising to you?,,I like it^I don't like it^I don't care,S,,,,,
188,3,"Would you like to see legislation enacted that prevents social media sites, search engines, mobile apps, etc. from selling your personal, online and mobile location data to advertisers and others?",,Yes^No^Don't know,S,,,,,
189,7,Have you taken any of the following steps to protect your digital/online privacy? (Check all that apply),,Turned on private browsing^Turned off mobile trackers^Denied permission of mobile apps to track me^Changed social media privacy settings^Posting less on social media^Other^I have not taken any steps,M,,,,,
190,1,"Other, please specify:",,,F,,,,189,6
191,5,Do you have health insurance? (Choose one),,"Yes, through my employer's plan^Yes, through a family member's plan (spouse, parent, etc.)^Yes, directly with an insurance company^Yes, through a government plan (e.g. Medicare, Medicaid, etc.)^No",S,,,,,
192,1,What is the name of your primary health insurance provider? [write-in],,,Q,20,50,,191,"1,2,3,4"
193,11,How likely is it that you would recommend this health insurance provider to a friend or colleague?,,0 - Not At All Likely^1^2^3^4^5^6^7^8^9^10 - Extremely Likely,S,,,,191,"1,2,3,4"
194,5,What type of government healthcare coverage do you have?,,Medicare - Part A & B only^Medicare with a Medigap Supplement Plan^Medicare Advantage^Medicaid^Other (please specify),S,,,,191,4
195,11,How likely is it that you would recommend this Medicare Supplement Plan or Medicare Advantage Plan to a friend or colleague?,,0 - Not At All Likely^1^2^3^4^5^6^7^8^9^10 - Extremely Likely,S,,,,194,"2,3"
196,5,How likely are your current healthcare costs to affect your spending/saving in other areas?,,1 - Very unlikely^2 - Somewhat unlikely^3 - Neither likely nor unlikely^4 - Somewhat likely^5 - Very likely,S,,,,,
197,2,"In the last 3 months have you visited a ""walk-in clinic""?",,Yes^No,S,,,,,
198,10,"Why did you visit the ""walk-in clinic""? (Check all that apply)",,Convenient hours^Convenient location^I don't have a primary doctor^I don't have health insurance^I think I get better care^It is next to a pharmacy^Lower costs^Open on evenings^Open on weekends^Other (please specify),M,,,,197,1
199,6,"For non-life threatening illnesses like colds, flu, allergies, etc., what do you prefer to use/go to?",,Family Doctor's Office^Hospital Emergency Room^Telemedicine service^Walk-in Clinic inside a Retail Store^Walk-in Clinic (not affiliated with a Retailer)^None of the above,S,,,,,
200,3,How often do you use a Telemedicine service?,,Regularly^Occasionally^Never,S,,,,,
201,5,"Thinking about all the challenges in our economy and society, how do you feel about this statement today? ""I'm as mad as hell, and I'm not going to take this anymore!""Äù",,Strongly Agree^Agree^Uncertain^Disagree^Strongly Disagree,S,,,,,
202,29,Why are you mad? (Check all that apply),,Challenges facing certain U.S. Banks^Conflict in Ukraine^Covid-19 pandemic^Crime^Cyber attacks^Fluctuating Gas Prices^Food prices^Global warming^Government Spending^Income Inequality^Inflation^Interest Rates^Israel - Hamas War^Media Bias^Mexico border control^Political climate^Political Correctness^Political Leadership^Product shortages^Social and Cultural Issues^Social unrest^Taxes^Terrorism^The Deep State^The Stock Market^Two-tiered Justice System^U.S.- China relations^Worried about Nuclear war^Other (please specify),M,,,,201,"1,2"
203,12,Who will win the World Series?,,Boston Red Sox^Chicago Cubs^Cincinnati Reds^Cleveland Guardians^Detroit Tigers^Los Angeles Dodgers^Milwaukee Brewers^New York Yankees^Philadelphia Phillies^San Diego Padres^Seattle Mariners^Toronto Blue Jays,S,,,,,
204,32,Who will win the Super Bowl?,,Arizona Cardinals^Atlanta Falcons^Baltimore Ravens^Buffalo Bills^Carolina Panthers^Chicago Bears^Cincinnati Bengals^Cleveland Browns^Dallas Cowboys^Denver Broncos^Detroit Lions^Green Bay Packers^Houston Texans^Indianapolis Colts^Jacksonville Jaguars^Kansas City Chiefs^Las Vegas Raiders^Los Angeles Chargers^Los Angeles Rams^Miami Dolphins^Minnesota Vikings^New England Patriots^New Orleans Saints^New York Giants^New York Jets^Philadelphia Eagles^Pittsburgh Steelers^San Francisco 49ers^Seattle Seahawks^Tampa Bay Buccaneers^Tennessee Titans^Washington Commanders,S,,,,,
205,7,"At the end of September, the S&P 500 closed at 6688 where do you predict it will be at the end of October?",,Less than 6500^6500 - 6599^6600 - 6699^6700 - 6799^6800 - 6899^6900 - 6999^Over 7000,S,,,,,
206,4,"How, if at all, concerned are you about the coronavirus also known as covid-19?",,Extremely concerned^Very concerned^Slightly concerned^Not concerned at all,S,,,,,
207,9,"How, if at all, are you changing your shopping behavior as a result of the coronavirus/covid-19? (Check all that apply)",,Shopping in stores less^Shopping more online^Avoiding certain types of stores or shopping centers^Shopping at less busy times^Stocking up on medical/emergency supplies^Stocking up on basic and household supplies^Shopping at outdoor markets or centers more^Other^I'm not considering changing my shopping behavior at this time,M,,,,206,"1,2,3"
208,3,Do you support a federal solution to combat organized retail crime?,,Yes^No^Unsure,S,,,,,
209,5,"How, if at all, do you believe prices on household essentials like groceries, clothes, and cleaning products have changed compared to a year ago?",,Significantly higher^Somewhat higher^The same^Somewhat less^Significantly less,S,,,,,
210,3,Does a government shutdown or the threat of a government shutdown impact your holiday spending plans?,,Yes^No^Unsure,S,,,,,
211,3,Would you prefer to work for a company that allows you to work from home rather than in the office?,,Yes^No^Do not work,S,,,,,
212,9,Why would you prefer to work for a company that allows you to work from home rather than in the office?,,"I feel safer than working in the office.^I do not have to make that commute.^It provides me with a better work/life balance.^I am able to care for pre-school and/or school age children who are learning from home.^I feel more productive at home.^I am able to save more money.^Allows me to have a 'side hustle'.^Other^None of the above, I just like working from home.",M,,,,211,1
213,1,"Other, please specify:",,,F,,,,212,8
214,5,Which of the following statements best applies to you?,,I am required to work at the office everyday^I am required to work at the office a few days week^I am required to work from home everyday^I am allowed to work from home everyday^I don't work in an office,S,,,,211,"1,2"
215,9,Which of the following best describes your employment status?,,"Employed full-time^Employed part-time^Self-employed^Retired^Stay-at-home parent / homemaker^Student^Unemployed, looking for work^Unemployed, not looking for work^Other (please specify)",S,,,,,
216,3,"Thinking about the changes you made to your shopping behaviors due to coronavirus/covid-19, do you believe these behaviors have now become 'habits' that will continue after the pandemic is over?",,Yes^No^Unsure,S,,,,,
217,7,Has the coronavirus/covid-19 lockdown stay at home orders affected your mental or emotional well- being in any of the following ways?  (Check all that apply},,I have become more anxious^I have become more depressed^I have become angry^I have become more lonely^I have become more disconnected from my friends and family^Other^It hasn't affected me at all,M,,,,,
218,1,"Other, please specify:",,,F,,,,217,6
219,5,Which of the following do you prefer when frequenting businesses? (Check all that apply),,Contactless Checkout^Contactless Delivery^Contactless Payments^Contactless Pickup^None of the above,M,,,,,
220,5,"The Declaration of Independence states that all Americans are entitled certain unalienable rights including Life, Liberty and the pursuit of Happiness. On a scale of 1-5 with 1 being ""Totally Unhappy""ù and 5 being ""Totally Happy ""ù how would you rate your happiness level on each of the following? Your health ",,1 - Totally Unhappy^2 - Unhappy^3 - Neutral^4 - Happy^5 - Totally Happy,S,AVG,1^2^3^4^5,,,
221,5,Your relationships with family,,1 - Totally Unhappy^2 - Unhappy^3 - Neutral^4 - Happy^5 - Totally Happy,S,AVG,1^2^3^4^5,,,
222,5,Your relationships with friends,,1 - Totally Unhappy^2 - Unhappy^3 - Neutral^4 - Happy^5 - Totally Happy,S,AVG,1^2^3^4^5,,,
223,5,Your love life,,1 - Totally Unhappy^2 - Unhappy^3 - Neutral^4 - Happy^5 - Totally Happy,S,AVG,1^2^3^4^5,,,
224,5,Your home life,,1 - Totally Unhappy^2 - Unhappy^3 - Neutral^4 - Happy^5 - Totally Happy,S,AVG,1^2^3^4^5,,,
225,5,Your religion/faith,,1 - Totally Unhappy^2 - Unhappy^3 - Neutral^4 - Happy^5 - Totally Happy,S,AVG,1^2^3^4^5,,,
226,5,Your work life,,1 - Totally Unhappy^2 - Unhappy^3 - Neutral^4 - Happy^5 - Totally Happy,S,AVG,1^2^3^4^5,,,
227,5,Your house/apartment/condo,,1 - Totally Unhappy^2 - Unhappy^3 - Neutral^4 - Happy^5 - Totally Happy,S,AVG,1^2^3^4^5,,,
228,5,Your neighborhood,,1 - Totally Unhappy^2 - Unhappy^3 - Neutral^4 - Happy^5 - Totally Happy,S,AVG,1^2^3^4^5,,,
229,5,Your government,,1 - Totally Unhappy^2 - Unhappy^3 - Neutral^4 - Happy^5 - Totally Happy,S,AVG,1^2^3^4^5,,,
230,7,"Here are a number of personality traits that may or may not apply to you. Please select a number next to each statement to indicate the extent to which you agree or disagree with that statement. You should rate the extent to which you agree or disagree that the pair of traits applies to you, even if one characteristic applies more strongly than the other. I see myself as: Extraverted, enthusiastic.",,1 - Disagree strongly^2 - Disagree moderately^3 - Disagree a little^4 - Neither agree nor disagree^5 - Agree a little^6 - Agree moderately^7 - Agree strongly,S,AVG,1^2^3^4^5^6^7,,,
231,7,"Critical, quarrelsome.",,1 - Disagree strongly^2 - Disagree moderately^3 - Disagree a little^4 - Neither agree nor disagree^5 - Agree a little^6 - Agree moderately^7 - Agree strongly,S,AVG,1^2^3^4^5^6^7,,,
232,7,"Dependable, self-disciplined.",,1 - Disagree strongly^2 - Disagree moderately^3 - Disagree a little^4 - Neither agree nor disagree^5 - Agree a little^6 - Agree moderately^7 - Agree strongly,S,AVG,1^2^3^4^5^6^7,,,
233,7,"Anxious, easily upset.",,1 - Disagree strongly^2 - Disagree moderately^3 - Disagree a little^4 - Neither agree nor disagree^5 - Agree a little^6 - Agree moderately^7 - Agree strongly,S,AVG,1^2^3^4^5^6^7,,,
234,7,"Open to new experiences, complex.",,1 - Disagree strongly^2 - Disagree moderately^3 - Disagree a little^4 - Neither agree nor disagree^5 - Agree a little^6 - Agree moderately^7 - Agree strongly,S,AVG,1^2^3^4^5^6^7,,,
235,7,"Reserved, quiet.",,1 - Disagree strongly^2 - Disagree moderately^3 - Disagree a little^4 - Neither agree nor disagree^5 - Agree a little^6 - Agree moderately^7 - Agree strongly,S,AVG,1^2^3^4^5^6^7,,,
236,7,"Sympathetic, warm.",,1 - Disagree strongly^2 - Disagree moderately^3 - Disagree a little^4 - Neither agree nor disagree^5 - Agree a little^6 - Agree moderately^7 - Agree strongly,S,AVG,1^2^3^4^5^6^7,,,
237,7,"Disorganized, careless.",,1 - Disagree strongly^2 - Disagree moderately^3 - Disagree a little^4 - Neither agree nor disagree^5 - Agree a little^6 - Agree moderately^7 - Agree strongly,S,AVG,1^2^3^4^5^6^7,,,
238,7,"Calm, emotionally stable.",,1 - Disagree strongly^2 - Disagree moderately^3 - Disagree a little^4 - Neither agree nor disagree^5 - Agree a little^6 - Agree moderately^7 - Agree strongly,S,AVG,1^2^3^4^5^6^7,,,
239,7,"Conventional, uncreative.",,1 - Disagree strongly^2 - Disagree moderately^3 - Disagree a little^4 - Neither agree nor disagree^5 - Agree a little^6 - Agree moderately^7 - Agree strongly,S,AVG,1^2^3^4^5^6^7,,,
396,13,Extraversion,,1^1.5^2^2.5^3^3.5^4^4.5^5^5.5^6^6.5^7,S,AVG,1^1.5^2^2.5^3^3.5^4^4.5^5^5.5^6^6.5^7,,,
397,13,Agreeableness,,1^1.5^2^2.5^3^3.5^4^4.5^5^5.5^6^6.5^7,S,AVG,1^1.5^2^2.5^3^3.5^4^4.5^5^5.5^6^6.5^7,,,
398,13,Conscientiousness,,1^1.5^2^2.5^3^3.5^4^4.5^5^5.5^6^6.5^7,S,AVG,1^1.5^2^2.5^3^3.5^4^4.5^5^5.5^6^6.5^7,,,
399,13,Emotional Stability,,1^1.5^2^2.5^3^3.5^4^4.5^5^5.5^6^6.5^7,S,AVG,1^1.5^2^2.5^3^3.5^4^4.5^5^5.5^6^6.5^7,,,
400,13,Openness to Experiences,,1^1.5^2^2.5^3^3.5^4^4.5^5^5.5^6^6.5^7,S,AVG,1^1.5^2^2.5^3^3.5^4^4.5^5^5.5^6^6.5^7,,,
240,16,Do you plan to make any of the following major (big dollar) purchases within the next 6 months? (Check all that apply),,"Computer^Furniture^Home Appliances^House^Jewelry/Watch^Major Home Improvement or Repair^Mobile Device^Smartwatch^RV/Boat^Stereo Equipment^TV^DVD/Blu-ray Player^Digital Camera^Digital Voice Assistants (Amazon Echo, Google Home)^Vacation Travel^Other (please specify)",M,,,,,
241,5,Where are you looking to buy a house? (Check all that apply)?,,A major city^The suburbs^A rural area^A different state^A different country,M,,,,240,4
242,2,"Regarding your planned vacation, will you be traveling... ? (Choose one)",,In the United States^Outside the United States,S,,,,240,15
243,1,Where are you planning on going in the United States?,,,Y,5,50,,242,1
244,1,Where are you planning on going outside the United States?,,,Y,5,50,,242,2
245,5,How will you be traveling? (Check all that apply),,Airplane^Automobile^Bus^Cruise Ship^Train,M,,,,242,"1,2"
246,19,How did you/will you plan your vacation? (Check all that apply),,Airline Website^Cruise Line Website^Hotel Website^Travel Agent^Organized Tour^AirBnB^Booking.com^Expedia^Hotels.com^Hotwire^Kayak^Onefinestay^Orbitz^Priceline.com^Travelocity^TripAdvisor^Trivago^VRBO^Other (please specify),M,,,,242,"1,2"
247,47,"What is the make of the car, truck or SUV you drive most often?",,"Do not own a car, truck or SUV^Acura^Alfa Romeo^Audi^BMW^Buick^Cadillac^Chevrolet^Chrysler/Plymouth^Daewoo^Dodge^Fiat^Ford^GMC^Honda^Hummer^Hyundai^Infiniti^Isuzu^Jaguar^Jeep^Kia^Land Rover^Lexus^Lincoln^Mazda^Mercedes-Benz^Mercury^Mitsubishi^Nissan^Oldsmobile^Peugeot^Polestar^Pontiac^Porsche^Rivian^Saab^Saturn^Scion^Smart Fortwo (Smart Car)^Subaru^Suzuki^Tesla^Toyota^Volkswagen^Volvo^Other not listed",S,,,,,
248,7,What type of vehicle is it?,,"Car^Truck^Mini-Van^SUV^""Cross-Over"" (A cross between a SUV and a Car)^Hybrid^All Electric",S,,,,,
249,11,"How likely is it that you would recommend this make†of car, truck or SUV to a friend or colleague?",,0 - Not At All Likely^1^2^3^4^5^6^7^8^9^10 - Extremely Likely,S,,,,,
250,9,"For your next auto purchase, are any of the following reasons why you would not buy an electric vehicle:",,Higher upfront vehicle costs^Fear battery will run out of charge before reaching their destination^Too few charging stations^Long charging times^Cost of battery replacement^I don't believe the electric power grid can handle the recharging^I don't believe they help the environment.^Other^None of the Above,M,,,,,
251,1,"Other, please specify:",,,F,,,,250,8
252,3,Are you planning to buy/lease a car/truck within the next 6 months?,,"Yes^No, I bought/leased within the last six months^No",S,,,,,
253,3,Will you purchase/lease a:,,New vehicle^Used vehicle^Not sure,S,,,,252,1
254,7,Which type of vehicle are you considering? (Check all that apply),,"Car^Truck^Mini-Van^SUV^""Cross-Over"" (A cross between a SUV and a Car)^Hybrid^All Electric",M,,,,252,1
255,44,What make of vehicle are you considering? (1st Choice),,Acura^Alfa Romeo^Audi^BMW^Buick^Cadillac^Chevrolet^Chrysler/Plymouth^Dodge^Fiat^Ford^GMC^Honda^Hummer^Hyundai^Infiniti^Isuzu^Jaguar^Jeep^Kia^Land Rover^Lexus^Lincoln^Mazda^Mercedes-Benz^Mercury^Mitsubishi^Nissan^Peugeot^Polestar^Porsche^Rivian^Saab^Saturn^Scion^Smart Fortwo (Smart Car)^Subaru^Suzuki^Tesla^Toyota^Volkswagen^Volvo^Other not listed^Not sure,S,,,,252,1
256,44,What make of vehicle are you considering? (2nd Choice),,Acura^Alfa Romeo^Audi^BMW^Buick^Cadillac^Chevrolet^Chrysler/Plymouth^Dodge^Fiat^Ford^GMC^Honda^Hummer^Hyundai^Infiniti^Isuzu^Jaguar^Jeep^Kia^Land Rover^Lexus^Lincoln^Mazda^Mercedes-Benz^Mercury^Mitsubishi^Nissan^Peugeot^Polestar^Porsche^Rivian^Saab^Saturn^Scion^Smart Fortwo (Smart Car)^Subaru^Suzuki^Tesla^Toyota^Volkswagen^Volvo^Other not listed^Not sure,S,,,,252,1
257,7,What is your price range?,,"Less than $10,000^$10,001 to $15,000^$15,001 to $20,000^$20,001 to $25,000^$25,001 to $30,000^$30,001 to $40,000^Over $40,0000",S,AVG,7500^12500^17500^22500^27500^35000^50000 ,,252,1
258,2,Did you purchase/lease a:,,New vehicle^Used vehicle,S,,,,252,2
259,7,Which type of vehicle did you purchase/lease?,,"Car^Truck^Mini-Van^SUV^""Cross-Over"" (A cross between a SUV and a Car)^Hybrid^All Electric",S,,,,252,2
260,43,What make of vehicle did you purchase/lease?,,Acura^Alfa Romeo^Audi^BMW^Buick^Cadillac^Chevrolet^Chrysler/Plymouth^Dodge^Fiat^Ford^GMC^Honda^Hummer^Hyundai^Infiniti^Isuzu^Jaguar^Jeep^Kia^Land Rover^Lexus^Lincoln^Mazda^Mercedes-Benz^Mercury^Mitsubishi^Nissan^Peugeot^Polestar^Porsche^Rivian^Saab^Saturn^Scion^Smart Fortwo (Smart Car)^Subaru^Suzuki^Tesla^Toyota^Volkswagen^Volvo^Other not listed,S,,,,252,2
261,7,What was the cost?,,"Less than $10,000^$10,001 to $15,000^$15,001 to $20,000^$20,001 to $25,000^$25,001 to $30,000^$30,001 to $40,000^Over $40,0000",S,AVG,7500^12500^17500^22500^27500^35000^50000 ,,252,2
262,17,Which of the following motivated you to get a new vehicle? (Check all that apply),,"Financing deals/incentives were too good to pass up^My lease was up^My old car had high mileage^My old car was always in the repair shop^I was tired of my old car, I wanted something new^I wanted a vehicle with new ""tech toys"" (GPS, DVD, etc.)^I wanted a vehicle with better gas mileage^I wanted a vehicle with better safety features^I like the style of the new models^My significant other wanted a new car^Needed another car for my family^My old car ""died""^Needed more room^Car came packaged with internet connectivity^Car came packaged with satellite radio^Driver Assistance Package^Other (please specify)",M,,,,252,2
263,3,"Over the next 90 days (October, November and December), do you plan on spending more, the same or less on the following items than you would normally spend at this time of the year? Children's clothing",,More^Same^Less,S,,,,,
264,3,Women's Dress clothing,,More^Same^Less,S,,,,,
265,3,Women's Casual clothing,,More^Same^Less,S,,,,,
266,3,Men's Dress clothing,,More^Same^Less,S,,,,,
267,3,Men's Casual clothing,,More^Same^Less,S,,,,,
268,3,Shoes,,More^Same^Less,S,,,,,
269,3,Health and Beauty Aids,,More^Same^Less,S,,,,,
270,3,Going out to eat,,More^Same^Less,S,,,,,
271,3,Sporting goods,,More^Same^Less,S,,,,,
272,3,Toys,,More^Same^Less,S,,,,,
273,3,Electronics,,More^Same^Less,S,,,,,
274,3,CDs/DVDs/Videos/Books,,More^Same^Less,S,,,,,
275,3,Groceries,,More^Same^Less,S,,,,,
276,3,Home Improvement and Hardware supplies,,More^Same^Less,S,,,,,
277,3,Lawn and garden supplies,,More^Same^Less,S,,,,,
278,3,"Home furniture (chair, sofa, bed, etc.)",,More^Same^Less,S,,,,,
279,3,"Decorative home furnishings (lamps, pictures, etc.)",,More^Same^Less,S,,,,,
280,3,Candy,,More^Same^Less,S,,,,,
281,3,Beer/Wine/Alcohol,,More^Same^Less,S,,,,,
282,3,Linens/Bedding/Draperies,,More^Same^Less,S,,,,,
283,3,"Over the next 90 days (October, November and December), do you plan on spending more, the same or less than you normally would spend at this time of year shopping by Internet, Catalogue or TV-Home Shopping? Internet Shopping",,More^Same^Less,S,,,,,
284,3,Catalogue Shopping,,More^Same^Less,S,,,,,
285,3,TV-Home Shopping,,More^Same^Less,S,,,,,
286,3,Which of the following do you use most often? (Choose only one),,Smartphone^Cell Phone/Feature Phone (non-Smartphone)^None of the above,S,,,,,
287,17,What is your average mobile phone bill per month?,,$1-$10^$11-$20^$21-$30^$31-$40^$41-$50^$51-$60^$61-$70^$71-$80^$81-$90^$91-$100^$101-$125^$126-$150^$151-$175^$176-$200^$201-$225^$226-$250^$251 or more,S,AVG,5.5^15.5^25.5^35.5^45.5^55.5^65.5^75.5^85.5^95.5^113^138^163^188^213^238^300,,286,"1,2"
288,3,Which statement best describes your current mobile phone service?,,Contract plan with a monthly bill^Prepaid service where you pay for the minutes you use^Monthly plan with no contract where you pay at the beginning of each month,S,,,,286,"1,2"
289,3,Which mobile phone services would you be willing to consider in the future? (Check all that apply),,Contract plan with a monthly bill^Prepaid service where you pay for the minutes you use^Monthly plan with no contract where you pay at the beginning of each month,M,,,,286,"1,2"
290,14,What is the name of the company who provides your mobile phone service?,,AT&T Wireless^Boost Mobile^Consumer Cellular^Cricket^Google Fi Wireless^MetroPCS^Mint Mobile^Spectrum^Straight Talk^T-Mobile/Sprint^TracFone^Verizon Wireless^Xfinity Mobile^Other (please specify),S,,,,286,"1,2"
291,11,How likely is it that you would recommend this mobile phone service provider to a friend or colleague?,,0 - Not At All Likely^1^2^3^4^5^6^7^8^9^10 - Extremely Likely,S,,,,286,"1,2"
292,2,Have you switched mobile phone service providers in the past year?,,Yes^No,S,,,,286,"1,2"
293,14,What is the name of the company that previously provided your mobile phone service?,,AT&T Wireless^Boost Mobile^Consumer Cellular^Cricket^Google Fi Wireless^MetroPCS^Mint Mobile^Spectrum^Straight Talk^T-Mobile/Sprint^TracFone^Verizon Wireless^Xfinity Mobile^Other (please specify),S,,,,292,1
294,13,What is the BRAND name of your Smartphone?,,Apple^BlackBerry^Google^HTC^Huawei^LG^Motorola^Nokia^Samsung^Sony^ZTE^Other (please specify)^Other field,S,,,,286,1
295,11,How likely is it that you would recommend this Smartphone BRAND to a friend or colleague?,,0 - Not At All Likely^1^2^3^4^5^6^7^8^9^10 - Extremely Likely,S,,,,286,1
296,21,Do you use your Smartphone for any of the following activities? (Check all that apply),,"Banking^Business/work^Browsing or looking for a product/service^Comparison shopping/Checking prices^Locating a store or store hours^Making a purchase^Reading customer reviews^Writing a customer review^Receiving text messages with special offers^Buying products via text (Text to Shop)^Redeeming/Scanning coupons while at checkout^Paying for a transaction at a store check-out counter (i.e. mobile payment, mobile wallet, etc.)^Making person-to-person/friend-to-friend money transfers (i.e. via Venmo, Zelle, etc.)^Researching specific products^Scanning a QR code^Reading free content articles (i.e. no paid subscription required)^Reading a paid magazine/newspaper subscription^Watching free videos (i.e. no paid subscription required)^Watching paid videos^Sports Betting^None of the above",M,,,,286,1
297,3,Which of the following best describes how you use your Smartphone?,,"I use my smartphone for basic functions (call, text, email)^I use my smartphone for basic functions and some applications (weather, GPS, social media - e.g. Facebook, Twitter, etc.)^I use my smartphone for all the functionsÖIt's my life.",S,,,,286,1
298,4,Are you planning on getting a new mobile phone (Cell Phone or Smartphone) or switching providers...,,In the next 3 months^In the next 3-6 months^In the next 6-12 months^Not planning on getting a new mobile phone or switching providers,S,,,,,
299,15,Which of the following service provider(s) are you considering for your new mobile phone? (Check all that apply),,AT&T Wireless^Boost Mobile^Consumer Cellular^Cricket^Google Fi Wireless^MetroPCS^Mint Mobile^Spectrum^Straight Talk^T-Mobile/Sprint^TracFone^Verizon Wireless^Xfinity Mobile^Other Service Provider^Not planning to switch service providers,M,,,,298,"1,2,3"
300,1,"Other, please specify:",,,F,,,,299,14
301,15,Why are you considering switching mobile phone service providers? I want better... (Check all that apply),,Coverage^Customer Service^Data Plan^'Free Minutes' Plan^Handset Variety^Internet/Web Access^Music Downloads^Plan Options^Pricing/Value^Reliability (Fewer dropped calls)^Service^Technology^Text Messaging Plans^Video Services^Other (please specify),M,,,,299,"1,2,3,4,5,6,7,8,9,10,11,12,13,14"
302,2,Which of the following mobile phones are you considering? (Check all that apply),,Smartphone^Cell Phone/Feature Phone (non-Smartphone),M,,,,298,"1,2,3"
303,12,Which of the following Smartphones are you considering purchasing? (Check all that apply),,Apple^BlackBerry^Google^HTC^Huawei^LG^Motorola^Nokia^Samsung^Sony^ZTE^Other (please specify),M,,,,302,1
304,19,Which of the following Smartphone features or attributes are most important to you as you consider a Smartphone purchase? (Check all that apply),,Apps available^Battery Life^Brand I trust^Camera/video quality^Compatibility with other devices owned^Fingerprint scanner^5G Speed^Larger screen size^Lightweight/thin style^Memory/Storage capacity^Offered by specific carrier/service provider^Phone color choices^Price^Recommended by family/friends^Screen resolution^Security of data stored on phone^Specific operating system utilized^Virtual assistant^Other (please specify),M,,,,302,1
305,2,Do you use a Tablet device?,,Yes^No,S,,,,,
306,5,Which of the following privacy/security issues concern you regarding your Smartphone and/or Tablet? (Check all that apply),,My location being tracked^My online behavior being tracked^Someone accessing my personal information^Someone accessing my financial data^Other (please specify),M,,,,286,1
307,5,"In your home, which of the following Smart Home Assistants do you use most often? (Choose only one)",,Amazon Echo^Apple HomePod^Google Home^Other^None of the above/Do not use a Smart Home Assistant,S,,,,,
308,1,"Other, please specify:",,,F,,,,307,4
309,10,Do you use your Smart Home Assistant for any of the following activities? (Check all that apply),,"Adding items to a shopping list^Adding items to a to-do list^Controlling other smart home products (e.g. lights, thermostat, etc.)^Getting information (e.g. weather, news, answer to a question, etc.)^Keeping a calendar/scheduling events, appointments, etc.^Playing music/audiobooks^Purchasing food items^Purchasing non-food items^Setting an alarm/timer^Other (please specify)",M,,,,307,"1,2,3,4"
310,3,"How often do you use your Smart Home Assistant? (Regularly means routinely, as a set pattern; Occasionally means no set pattern, as mood suits)",,Regularly^Occasionally^Rarely/Never,S,,,,307,"1,2,3,4"
311,11,How likely is it that you would recommend your Smart Home Assistant to a friend or colleague?,,0 - Not At All Likely^1^2^3^4^5^6^7^8^9^10 - Extremely Likely,S,,,,307,"1,2,3,4"
312,3,Which of the following best describes how you feel about your Smart Home Assistant? (Choose only one),,"It's a novelty or gadget for short-term entertainment or use.^It's been useful for some applications, like playing music or answering questions.^It's changed the way I operate within my home - I don't know how I ever lived without it.",S,,,,307,"1,2,3,4"
313,5,"To what extent do you agree or disagree with the following statement? ""Alexa is like a friend to me.""",,1 - Strongly disagree^2 - Disagree^3 - Neither disagree nor agree^4 - Agree^5 - Strongly agree,S,AVG,1^2^3^4^5,,307,1
314,5,"To what extent do you agree or disagree with the following statement? ""Google Assistant is like a friend to me.""",,1 - Strongly disagree^2 - Disagree^3 - Neither disagree nor agree^4 - Agree^5 - Strongly agree,S,AVG,1^2^3^4^5,,307,3
315,2,"Do you ""bundle"" any of your home communication services (landline phone, Internet, Cable / Satellite TV, Mobile phone)?",,Yes^No,S,,,,,
316,7,Which services do you bundle? Please choose the one that best fits.,,"Cable TV & Internet^Cable TV, Internet & Mobile Phone^Cable TV, Internet, Mobile Phone & Landline Phone^Cable TV, Internet & Landline Phone^Internet, Mobile Phone & Landline Phone^Satellite TV, Internet, Mobile Phone & Landline Phone^Other (please specify)",S,,,,315,1
317,5,What home communication services do you have? (Check all that apply),,Internet^Cable TV^Satellite TV^Mobile Phone^Landline Phone,M,,,,315,2
318,21,Which company provides your home internet access?,,AT&T^Breezeline^CenturyLink^Cox^DirecTV^Dish Network^Frontier^Google^HughesNet^Optimum^RCN^Sparklight (Cable ONE)^Spectrum^Suddenlink Communications^T-Mobile^Verizon^Windstream^Xfinity (Comcast)^Xtream (Mediacom)^Other^None,S,,,,,
319,1,"Other, please specify:",,,F,,,,318,20
320,2,Do you plan to subscribe to a new home internet provider in the next 6 months?,,Yes^No,S,,,,,
321,31,Do you subscribe to any of the following paid video services? (Check all that apply),,Acorn TV^Amazon Prime Video^Apple TV+^Crunchyroll^DirecTV Stream^Discovery +^Disney+^ESPN+^Fandago At Home (Formerly Vudu)^Filmstruck^FuboTV^Funimation^Google Play^HBO Max^Hulu^Hulu + Live TV^iTunes^MLB.TV^Netflix^NFL Network^Paramount+^Peacock TV^Philo TV^Showtime^Sling TV^Starz^WWE Network^YouTube Premium^YouTube TV^Other^None of the above,M,,,,,
322,1,"Other, please specify:",,,F,,,,321,30
323,20,Do you use any of the following free video streaming services? (Check all that apply),,AMC^Apple TV+^Crackle^Fandago At Home (Formerly Vudu)^Freevee (Formerly IMDb TV)^HBO Max^Kanopy^NewsMax^Peacock TV^Pluto TV^Popcornflix^Redbox Live TV^Syfy Channel^The Roku Channel^Tubi^Twitch.tv^XUMO^YouTube^Other^None of the above,M,,,,,
324,1,"Other, please specify:",,,F,,,,323,19
325,6,When I go shopping  I buy the following Frozen Food Products (Choose the one that best fits your shopping habits for that product.): Appetizers and Ethnic Foods ,,Once a week^2-3 times a month^Once a month^Every other month^Other^Never,S,,,,,
326,6,Bagels,,Once a week^2-3 times a month^Once a month^Every other month^Other^Never,S,,,,,
327,6,Baked Goods,,Once a week^2-3 times a month^Once a month^Every other month^Other^Never,S,,,,,
328,6,Breakfast,,Once a week^2-3 times a month^Once a month^Every other month^Other^Never,S,,,,,
329,6,Chicken & Turkey,,Once a week^2-3 times a month^Once a month^Every other month^Other^Never,S,,,,,
330,6,Dinner Entrees,,Once a week^2-3 times a month^Once a month^Every other month^Other^Never,S,,,,,
331,6,Fish & Seafood,,Once a week^2-3 times a month^Once a month^Every other month^Other^Never,S,,,,,
332,6,Hamburger Patties,,Once a week^2-3 times a month^Once a month^Every other month^Other^Never,S,,,,,
333,6,Ice Cream and Frozen Yogurt,,Once a week^2-3 times a month^Once a month^Every other month^Other^Never,S,,,,,
334,6,Juice,,Once a week^2-3 times a month^Once a month^Every other month^Other^Never,S,,,,,
335,6,Pasta,,Once a week^2-3 times a month^Once a month^Every other month^Other^Never,S,,,,,
336,6,Pizza,,Once a week^2-3 times a month^Once a month^Every other month^Other^Never,S,,,,,
337,6,Pizza Rolls & Snacks,,Once a week^2-3 times a month^Once a month^Every other month^Other^Never,S,,,,,
338,6,Vegetables,,Once a week^2-3 times a month^Once a month^Every other month^Other^Never,S,,,,,
339,6,Vegetarian Alternatives,,Once a week^2-3 times a month^Once a month^Every other month^Other^Never,S,,,,,
340,1,"Chicken & Turkey For each of the following Frozen Food Products, please write in the BRAND NAME of the product you purchase most often. If you don't buy one of the products, please leave it blank.",,,W,20,50,,,
341,1,Dinner Entrees,,,W,20,50,,,
342,1,Fish & Seafood,,,W,20,50,,,
343,1,Ice Cream and Frozen Yogurt,,,W,20,50,,,
344,1,Pizza,,,W,20,50,,,
345,1,Vegetables,,,W,20,50,,,
346,1,At which store do you buy your Frozen Food Products most often? [write-in],,,R,20,50,G,,
347,11,How likely is it that you would recommend this store for Frozen Food Products to a friend or colleague?,,0 - Not At All Likely^1^2^3^4^5^6^7^8^9^10 - Extremely Likely,S,,,,,
348,37,What are the reasons you shop this store most often for Frozen Food Products? (Check all that apply),,"Price^Selection^Location^Quality^Service^Advertising^Promotions (sales, coupons, etc.)^Brands available^Carries ""natural"" frozen food products/brands^Shopper loyalty card^Store credit card^Knowledgeable employees^Open 24 hours^One-stop shopping convenience^Store appearance^Store experience^Store layout^Unique products^Wide aisles^Offers buy online, pick up in store service^Trustworthy retailer^Easy to navigate website/mobile site^Secure website/mobile site^Convenience of website/mobile site^No hassle return policy^Product subscription service^Fuel/Gas rewards^Free delivery^One or two day delivery^Same day delivery^Safe environment^Environmentally responsible^Ethical business practices^Socially responsible business^Recommended by friend or relative^Easy to shop from mobile device^Other (please specify)",M,,,,,
349,3,"When shopping at this store, how often are you unable to find the specific product you went there to purchase?",,Regulary^Occasionally^Never,S,,,,,
350,6,What do you do when you can't find the product? (Check all that apply):,,Go to another location of the same retailer^Go to another retail store^Buy it online^Ask a store employee^Ask a store manager^Other (please specify),M,,,,349,"1,2"
351,20,"When you purchase Frozen Food Products, what are the reasons why you buy a particular BRAND? (Check all that apply)",,All natural/organic^Brand I trust^Buy what's on sale^Gluten free^Habit^Have a coupon^Ingredients^It tastes best^Name recognition^Non-GMO ingredients^Price^Saw an advertisement^Quality^Value^Trustworthy brand^Environmentally responsible brand^Ethical business practices^Socially responsible brand^Recommended by friend or relative^Other (please specify),M,,,,,
352,10,How much do you spend on Frozen Food Products per month?,,$5 or less^$6-$10^$11-$15^$16-$20^$21-$25^$26-$30^$31-$35^$36-$40^$41-$50^More than $50 per month,S,AVG,5^8^13^18^23^28^33^38^45.5^60 ,,,
353,7,Approximately what percentage of your Frozen Food purchases do you make ONLINE?,,0% - Do not make these purchases online^1% to 10%^11% to 25%^26% to 50%^51% to 75%^76% to 99%^100%,S,,,,,
354,1,Where do you buy your Frozen Food Products ONLINE most often? [write-in],,,B,20,50,,353,"2,3,4,5,6,7"
355,2,Are you buying more Frozen Food Products since the coronavirus/covid-19 pandemic began in March 2020?,,Yes^No,S,,,,,
375,2,Are you a registered voter?,,Yes^No,S,,,,,
376,2,Did you vote in the last Presidential Election (2024)?,,Yes^No,S,,,,375,1
377,5,What is your political party?,,Republican^Democrat^Independent^Libertarian^Other (please specify),S,,,,375,1
378,3,Do you tend to lean towards either party?,,Lean Republican^Lean Democrat^Do not lean towards either side,S,,,,377,"3,5"
401,3,Rural/Urban/Suburban Classification,,Rural^Urban^Suburban,S,,,,,
3,1,Please enter your Zip Code:,,,Z,,,,,
379,1,SID,,,F,,,,,
380,1,psid,,,F,,,,,
381,1,digid,,,F,,,,,
382,1,prid,,,F,,,,,
383,1,prisn,,,F,,,,,
384,1,tid,,,F,,,,,
385,1,Date,,,F,,,,,
386,1,Start Time,,,F,,,,,
387,1,Finish Time,,,F,,,,,
388,1,Duration (s),,,F,,,,,
389,1,User,,,F,,,,,
390,1,Browser,,,F,,,,,
391,1,Device,,,F,,,,,
392,1,Referrer,,,F,,,,,
393,1,sourceid,,,F,,,,,
394,1,Panelist ID,,,F,,,,,
